arm C deploy start 2026-09-27T03:18:16Z
Building image im-bm8FC6fpfLCWheMDBFaKr1

=> Step 0: FROM base

=> Step 1: RUN curl -fsSL https://ollama.com/install.sh | sh
>>> Installing ollama to /usr/local
[1m[31mERROR:(B[m This version requires zstd for extraction. Please install zstd and try again:
  - Debian/Ubuntu: sudo apt-get install zstd
  - RHEL/CentOS/Fedora: sudo dnf install zstd
  - Arch: sudo pacman -S zstd
Terminating task due to error: failed to run builder command "curl -fsSL https://ollama.com/install.sh | sh": container exit status: 1
+- Error ---------------------------------------------------------------------+
| Image build for im-bm8FC6fpfLCWheMDBFaKr1 failed. See build logs for more   |
| details.                                                                    |
+-----------------------------------------------------------------------------+
deploy exit 1
arm C deploy attempt 2 2026-09-27T03:19:07Z
Building image im-sDMdV5UpH1KFCvQFfSuYcU

=> Step 0: FROM base

=> Step 1: RUN apt-get update
Get:1 http://deb.debian.org/debian bookworm InRelease [151 kB]
Get:2 http://deb.debian.org/debian bookworm-updates InRelease [55.4 kB]
Get:3 http://deb.debian.org/debian-security bookworm-security InRelease [34.8 kB]
Get:4 http://deb.debian.org/debian bookworm/main amd64 Packages [8790 kB]
Get:5 http://deb.debian.org/debian-security bookworm-security/main amd64 Packages [345 kB]
Fetched 9376 kB in 1s (6498 kB/s)
Reading package lists...

=> Step 2: RUN apt-get install -y curl zstd
Reading package lists...
Building dependency tree...
Reading state information...
The following additional packages will be installed:
  libcurl4 libnghttp2-14 libpsl5 librtmp1 libssh2-1 publicsuffix
The following NEW packages will be installed:
  curl libcurl4 libnghttp2-14 libpsl5 librtmp1 libssh2-1 publicsuffix zstd
0 upgraded, 8 newly installed, 0 to remove and 58 not upgraded.
Need to get 1903 kB of archives.
After this operation, 4695 kB of additional disk space will be used.
Get:1 http://deb.debian.org/debian bookworm/main amd64 libnghttp2-14 amd64 1.52.0-1+deb12u3 [72.4 kB]
Get:2 http://deb.debian.org/debian bookworm/main amd64 libpsl5 amd64 0.21.2-1 [58.7 kB]
Get:3 http://deb.debian.org/debian bookworm/main amd64 librtmp1 amd64 2.4+20151223.gitfa8646d.1-2+b2 [60.8 kB]
Get:4 http://deb.debian.org/debian-security bookworm-security/main amd64 libssh2-1 amd64 1.10.0-3+deb12u1 [176 kB]
Get:5 http://deb.debian.org/debian bookworm/main amd64 libcurl4 amd64 7.88.1-10+deb12u15 [392 kB]
Get:6 http://deb.debian.org/debian bookworm/main amd64 curl amd64 7.88.1-10+deb12u15 [316 kB]
Get:7 http://deb.debian.org/debian bookworm/main amd64 publicsuffix all 20230209.2326-1 [126 kB]
Get:8 http://deb.debian.org/debian bookworm/main amd64 zstd amd64 1.5.4+dfsg2-5 [701 kB]
debconf: delaying package configuration, since apt-utils is not installed
Fetched 1903 kB in 0s (22.5 MB/s)
Selecting previously unselected package libnghttp2-14:amd64.
(Reading database ... 
[1A(Reading database ... 5%
[1A(Reading database ... 10%
[1A(Reading database ... 15%
[1A(Reading database ... 20%
[1A(Reading database ... 25%
[1A(Reading database ... 30%(Reading database ... 35%(Reading database ... 40%
[1A(Reading database ... 45%(Reading database ... 50%(Reading database ... 55%(Reading database ... 60%
[1A(Reading database ... 65%(Reading database ... 70%(Reading database ... 75%(Reading database ... 80%
[1A(Reading database ... 85%(Reading database ... 90%(Reading database ... 95%(Reading database ... 100%
[1A(Reading database ... 16439 files and directories currently installed.)
Preparing to unpack .../0-libnghttp2-14_1.52.0-1+deb12u3_amd64.deb ...
Unpacking libnghttp2-14:amd64 (1.52.0-1+deb12u3) ...
Selecting previously unselected package libpsl5:amd64.
Preparing to unpack .../1-libpsl5_0.21.2-1_amd64.deb ...
Unpacking libpsl5:amd64 (0.21.2-1) ...
Selecting previously unselected package librtmp1:amd64.
Preparing to unpack .../2-librtmp1_2.4+20151223.gitfa8646d.1-2+b2_amd64.deb ...
Unpacking librtmp1:amd64 (2.4+20151223.gitfa8646d.1-2+b2) ...
Selecting previously unselected package libssh2-1:amd64.
Preparing to unpack .../3-libssh2-1_1.10.0-3+deb12u1_amd64.deb ...
Unpacking libssh2-1:amd64 (1.10.0-3+deb12u1) ...
Selecting previously unselected package libcurl4:amd64.
Preparing to unpack .../4-libcurl4_7.88.1-10+deb12u15_amd64.deb ...
Unpacking libcurl4:amd64 (7.88.1-10+deb12u15) ...
Selecting previously unselected package curl.
Preparing to unpack .../5-curl_7.88.1-10+deb12u15_amd64.deb ...
Unpacking curl (7.88.1-10+deb12u15) ...
Selecting previously unselected package publicsuffix.
Preparing to unpack .../6-publicsuffix_20230209.2326-1_all.deb ...
Unpacking publicsuffix (20230209.2326-1) ...
Selecting previously unselected package zstd.
Preparing to unpack .../7-zstd_1.5.4+dfsg2-5_amd64.deb ...
Unpacking zstd (1.5.4+dfsg2-5) ...
Setting up libpsl5:amd64 (0.21.2-1) ...
Setting up libnghttp2-14:amd64 (1.52.0-1+deb12u3) ...
Setting up librtmp1:amd64 (2.4+20151223.gitfa8646d.1-2+b2) ...
Setting up libssh2-1:amd64 (1.10.0-3+deb12u1) ...
Setting up publicsuffix (20230209.2326-1) ...
Setting up zstd (1.5.4+dfsg2-5) ...
Setting up libcurl4:amd64 (7.88.1-10+deb12u15) ...
Setting up curl (7.88.1-10+deb12u15) ...
Processing triggers for libc-bin (2.36-9+deb12u13) ...
Saving image...
Image saved, took 488.39ms

Built image im-sDMdV5UpH1KFCvQFfSuYcU in 6.56s


Building image im-qDVaHMYHk9Q32zYaN2yDPJ

=> Step 0: FROM base

=> Step 1: RUN curl -fsSL https://ollama.com/install.sh | sh
>>> Installing ollama to /usr/local
>>> Downloading ollama-linux-amd64.tar.zst
#=#=#                                                                         
[1A
[1A
[1A
[1A
[1A
[1A
[1A
[1A
[1A
[1A
[1A
[1A
[1A
[1A
[1A
[1A
[1A
[1A
[1A
[1A
[1A
[1A
[1A
[1A
[1A
[1A
[1A
[1A
[1A                                                                           0.3%
[1A
[1A
[1A
[1A
[1A
[1A
[1A
[1A
[1A
[1A
[1A
[1A
[1A
[1A
[1A
[1A
[1A
[1A
[1A
[1A
[1A
[1A
[1A
[1A
[1A
[1A
[1A
[1A
[1A
[1A
[1A
[1A                                                                           1.1%
[1A
[1A
[1A
[1A
[1A
[1A
[1A
[1A
[1A
[1A
[1A
[1A
[1A
[1A
[1A
[1A
[1A
[1A
[1A
[1A
[1A
[1A
[1A
[1A
[1A
[1A
[1A
[1A
[1A
[1A
[1A
[1A
[1A
[1A
[1A
[1A#                                                                          1.7%
[1A
[1A
[1A
[1A
[1A
[1A
[1A
[1A
[1A
[1A
[1A
[1A
[1A
[1A
[1A
[1A
[1A
[1A
[1A
[1A
[1A
[1A
[1A
[1A
[1A
[1A
[1A
[1A
[1A
[1A
[1A
[1A
[1A
[1A
[1A
[1A
[1A
[1A
[1A
[1A
[1A
[1A
[1A
[1A
[1A
[1A
[1A
[1A
[1A
[1A
[1A
[1A
[1A
[1A
[1A
[1A
[1A
[1A
[1A
[1A
[1A
[1A
[1A
[1A
[1A
[1A
[1A
[1A
[1A
[1A
[1A
[1A
[1A
[1A
[1A
[1A
[1A
[1A#                                                                          1.8%
[1A
[1A
[1A
[1A
[1A
[1A
[1A
[1A
[1A
[1A
[1A
[1A
[1A
[1A
[1A
[1A
[1A
[1A
[1A
[1A
[1A
[1A
[1A
[1A
[1A
[1A
[1A
[1A
[1A
[1A
[1A
[1A
[1A
[1A
[1A
[1A
[1A
[1A
[1A
[1A
[1A
[1A
[1A
[1A
[1A
[1A
[1A
[1A
[1A
[1A
[1A
[1A
[1A
[1A
[1A
[1A
[1A
[1A
[1A
[1A
[1A
[1A
[1A
[1A
[1A
[1A
[1A
[1A
[1A
[1A
[1A
[1A
[1A
[1A
[1A
[1A
[1A
[1A
[1A
[1A#                                                                          1.9%
[1A
[1A
[1A
[1A
[1A
[1A
[1A
[1A
[1A
[1A
[1A
[1A
[1A
[1A
[1A
[1A
[1A
[1A
[1A
[1A
[1A
[1A
[1A
[1A
[1A
[1A
[1A
[1A
[1A
[1A
[1A
[1A
[1A
[1A
[1A
[1A
[1A
[1A
[1A
[1A
[1A
[1A
[1A
[1A
[1A
[1A
[1A
[1A
[1A
[1A
[1A
[1A
[1A
[1A
[1A
[1A
[1A
[1A
[1A
[1A
[1A
[1A
[1A
[1A
[1A
[1A
[1A
[1A
[1A
[1A
[1A
[1A
[1A
[1A#                                                                          2.0%
[1A
[1A
[1A
[1A
[1A
[1A
[1A
[1A
[1A
[1A
[1A
[1A
[1A
[1A
[1A
[1A
[1A
[1A
[1A
[1A
[1A
[1A
[1A
[1A
[1A
[1A
[1A
[1A
[1A
[1A
[1A
[1A
[1A
[1A
[1A
[1A
[1A
[1A
[1A
[1A
[1A
[1A
[1A
[1A
[1A
[1A
[1A
[1A
[1A
[1A
[1A
[1A
[1A
[1A
[1A
[1A
[1A
[1A
[1A
[1A
[1A
[1A
[1A
[1A
[1A
[1A
[1A
[1A
[1A
[1A
[1A
[1A
[1A
[1A
[1A
[1A
[1A
[1A#                                                                          2.1%
[1A
[1A
[1A
[1A
[1A
[1A
[1A
[1A
[1A
[1A
[1A
[1A
[1A
[1A
[1A
[1A
[1A
[1A
[1A
[1A
[1A
[1A
[1A
[1A
[1A
[1A
[1A
[1A
[1A
[1A
[1A
[1A
[1A
[1A
[1A
[1A
[1A
[1A
[1A
[1A
[1A
[1A
[1A
[1A
[1A
[1A
[1A
[1A
[1A
[1A
[1A
[1A
[1A
[1A
[1A
[1A
[1A
[1A
[1A
[1A
[1A
[1A
[1A
[1A
[1A
[1A
[1A
[1A
[1A
[1A
[1A
[1A
[1A
[1A
[1A
[1A
[1A
[1A
[1A#                                                                          2.2%
[1A
[1A
[1A
[1A
[1A
[1A
[1A
[1A
[1A
[1A
[1A
[1A
[1A
[1A
[1A
[1A
[1A
[1A
[1A
[1A
[1A
[1A
[1A
[1A
[1A
[1A
[1A
[1A
[1A
[1A
[1A
[1A
[1A
[1A
[1A
[1A
[1A
[1A
[1A
[1A
[1A
[1A
[1A
[1A
[1A
[1A
[1A
[1A
[1A
[1A
[1A
[1A
[1A
[1A
[1A
[1A
[1A
[1A
[1A##                                                                         3.1%
[1A
[1A
[1A
[1A
[1A
[1A
[1A
[1A
[1A
[1A
[1A
[1A
[1A
[1A
[1A
[1A
[1A
[1A
[1A
[1A
[1A
[1A
[1A
[1A
[1A
[1A
[1A
[1A
[1A
[1A
[1A
[1A
[1A
[1A
[1A
[1A
[1A
[1A
[1A
[1A
[1A
[1A
[1A
[1A
[1A
[1A
[1A
[1A
[1A
[1A
[1A
[1A
[1A
[1A
[1A
[1A
[1A
[1A
[1A
[1A
[1A
[1A
[1A
[1A
[1A
[1A
[1A
[1A
[1A
[1A
[1A
[1A
[1A##                                                                         4.1%
[1A
[1A
[1A
[1A
[1A
[1A
[1A
[1A
[1A
[1A
[1A
[1A
[1A
[1A
[1A
[1A
[1A
[1A
[1A
[1A
[1A
[1A
[1A
[1A
[1A
[1A
[1A
[1A
[1A
[1A
[1A
[1A
[1A
[1A
[1A
[1A
[1A
[1A
[1A
[1A
[1A
[1A
[1A
[1A
[1A
[1A
[1A
[1A
[1A
[1A
[1A
[1A
[1A
[1A
[1A
[1A
[1A
[1A
[1A
[1A
[1A
[1A
[1A
[1A
[1A
[1A
[1A
[1A
[1A
[1A
[1A
[1A
[1A
[1A
[1A
[1A
[1A###                                                                        5.1%
[1A
[1A
[1A
[1A
[1A
[1A
[1A
[1A
[1A
[1A
[1A
[1A
[1A
[1A
[1A
[1A
[1A
[1A
[1A
[1A
[1A
[1A
[1A
[1A
[1A
[1A
[1A
[1A
[1A
[1A
[1A
[1A
[1A
[1A
[1A
[1A
[1A
[1A
[1A
[1A
[1A
[1A
[1A
[1A
[1A
[1A
[1A
[1A
[1A
[1A
[1A
[1A
[1A
[1A
[1A
[1A
[1A
[1A
[1A
[1A
[1A
[1A
[1A
[1A
[1A
[1A
[1A####                                                                       6.2%
[1A
[1A
[1A
[1A
[1A
[1A
[1A
[1A
[1A
[1A
[1A
[1A
[1A
[1A
[1A
[1A
[1A
[1A
[1A
[1A
[1A
[1A
[1A
[1A
[1A
[1A
[1A
[1A
[1A
[1A
[1A
[1A
[1A
[1A
[1A
[1A
[1A
[1A
[1A
[1A
[1A
[1A
[1A
[1A
[1A
[1A
[1A
[1A
[1A
[1A
[1A
[1A
[1A
[1A
[1A
[1A
[1A
[1A
[1A
[1A
[1A
[1A
[1A
[1A
[1A#####                                                                      7.1%
[1A
[1A
[1A
[1A
[1A
[1A
[1A
[1A
[1A
[1A
[1A
[1A
[1A
[1A
[1A
[1A
[1A
[1A
[1A
[1A
[1A
[1A
[1A
[1A
[1A
[1A
[1A
[1A
[1A
[1A
[1A
[1A
[1A
[1A
[1A
[1A
[1A
[1A
[1A
[1A
[1A
[1A
[1A
[1A
[1A
[1A
[1A
[1A
[1A
[1A
[1A
[1A
[1A
[1A
[1A
[1A
[1A
[1A
[1A#####                                                                      8.1%
[1A
[1A
[1A
[1A
[1A
[1A
[1A
[1A
[1A
[1A
[1A
[1A
[1A
[1A
[1A
[1A
[1A
[1A
[1A
[1A
[1A
[1A
[1A
[1A
[1A
[1A
[1A
[1A
[1A
[1A
[1A
[1A
[1A
[1A
[1A
[1A
[1A
[1A
[1A
[1A
[1A
[1A
[1A
[1A
[1A
[1A
[1A
[1A
[1A
[1A
[1A
[1A
[1A
[1A
[1A
[1A
[1A
[1A
[1A
[1A
[1A
[1A
[1A
[1A
[1A
[1A
[1A
[1A
[1A
[1A
[1A######                                                                     9.1%
[1A
[1A
[1A
[1A
[1A
[1A
[1A
[1A
[1A
[1A
[1A
[1A
[1A
[1A
[1A
[1A
[1A
[1A
[1A
[1A
[1A
[1A
[1A
[1A
[1A
[1A
[1A
[1A
[1A
[1A
[1A
[1A
[1A
[1A
[1A
[1A
[1A
[1A
[1A
[1A
[1A
[1A
[1A
[1A
[1A
[1A
[1A
[1A
[1A
[1A
[1A
[1A
[1A
[1A
[1A
[1A
[1A
[1A
[1A
[1A
[1A
[1A
[1A
[1A
[1A
[1A
[1A#######                                                                   10.1%
[1A
[1A
[1A
[1A
[1A
[1A
[1A
[1A
[1A
[1A
[1A
[1A
[1A
[1A
[1A
[1A
[1A
[1A
[1A
[1A
[1A
[1A
[1A
[1A
[1A
[1A
[1A
[1A
[1A
[1A
[1A
[1A
[1A
[1A
[1A
[1A
[1A
[1A
[1A
[1A
[1A
[1A
[1A
[1A
[1A
[1A
[1A
[1A
[1A
[1A
[1A
[1A
[1A
[1A
[1A
[1A
[1A
[1A
[1A
[1A
[1A
[1A
[1A
[1A
[1A#######                                                                   11.1%
[1A
[1A
[1A
[1A
[1A
[1A
[1A
[1A
[1A
[1A
[1A
[1A
[1A
[1A
[1A
[1A
[1A
[1A
[1A
[1A
[1A
[1A
[1A
[1A
[1A
[1A
[1A
[1A
[1A
[1A
[1A
[1A
[1A
[1A
[1A
[1A
[1A
[1A
[1A
[1A
[1A
[1A
[1A
[1A
[1A
[1A
[1A
[1A
[1A
[1A
[1A
[1A
[1A
[1A
[1A
[1A
[1A
[1A
[1A
[1A
[1A########                                                                  12.0%
[1A
[1A
[1A
[1A
[1A
[1A
[1A
[1A
[1A
[1A
[1A
[1A
[1A
[1A
[1A
[1A
[1A
[1A
[1A
[1A
[1A
[1A
[1A
[1A
[1A
[1A
[1A
[1A
[1A
[1A
[1A
[1A
[1A
[1A
[1A
[1A
[1A
[1A
[1A
[1A
[1A
[1A
[1A
[1A
[1A
[1A
[1A
[1A
[1A
[1A
[1A
[1A
[1A
[1A
[1A
[1A
[1A
[1A
[1A
[1A
[1A
[1A
[1A
[1A
[1A
[1A
[1A
[1A
[1A
[1A
[1A
[1A
[1A
[1A
[1A
[1A
[1A#########                                                                 12.9%
[1A
[1A
[1A
[1A
[1A
[1A
[1A
[1A
[1A
[1A
[1A
[1A
[1A
[1A
[1A
[1A
[1A
[1A
[1A
[1A
[1A
[1A
[1A
[1A
[1A
[1A
[1A
[1A
[1A
[1A
[1A
[1A
[1A
[1A
[1A
[1A
[1A
[1A
[1A
[1A
[1A
[1A
[1A
[1A
[1A
[1A
[1A
[1A
[1A
[1A
[1A
[1A
[1A
[1A
[1A
[1A
[1A
[1A
[1A
[1A
[1A
[1A
[1A
[1A
[1A
[1A
[1A
[1A
[1A#########                                                                 13.9%
[1A
[1A
[1A
[1A
[1A
[1A
[1A
[1A
[1A
[1A
[1A
[1A
[1A
[1A
[1A
[1A
[1A
[1A
[1A
[1A
[1A
[1A
[1A
[1A
[1A
[1A
[1A
[1A
[1A
[1A
[1A
[1A
[1A
[1A
[1A
[1A
[1A
[1A
[1A
[1A
[1A
[1A
[1A
[1A
[1A
[1A
[1A
[1A
[1A
[1A
[1A
[1A
[1A
[1A
[1A
[1A
[1A
[1A##########                                                                14.9%
[1A
[1A
[1A
[1A
[1A
[1A
[1A
[1A
[1A
[1A
[1A
[1A
[1A
[1A
[1A
[1A
[1A
[1A
[1A
[1A
[1A
[1A
[1A
[1A
[1A
[1A
[1A
[1A
[1A
[1A
[1A
[1A
[1A
[1A###########                                                               15.9%
[1A
[1A
[1A
[1A
[1A
[1A
[1A
[1A
[1A
[1A
[1A
[1A
[1A
[1A
[1A
[1A
[1A
[1A
[1A
[1A
[1A
[1A
[1A
[1A
[1A
[1A
[1A
[1A
[1A
[1A
[1A
[1A
[1A
[1A
[1A
[1A
[1A
[1A
[1A
[1A
[1A
[1A
[1A
[1A
[1A
[1A
[1A
[1A
[1A
[1A
[1A
[1A############                                                              16.9%
[1A
[1A
[1A
[1A
[1A
[1A
[1A
[1A
[1A
[1A
[1A
[1A
[1A
[1A
[1A
[1A
[1A
[1A
[1A
[1A
[1A
[1A
[1A
[1A
[1A
[1A
[1A
[1A
[1A
[1A
[1A
[1A
[1A
[1A
[1A
[1A
[1A
[1A
[1A
[1A
[1A
[1A
[1A
[1A
[1A
[1A
[1A
[1A
[1A
[1A
[1A
[1A
[1A
[1A
[1A
[1A
[1A
[1A
[1A
[1A
[1A
[1A
[1A
[1A############                                                              17.9%
[1A
[1A
[1A
[1A
[1A
[1A
[1A
[1A
[1A
[1A
[1A
[1A
[1A
[1A
[1A
[1A
[1A
[1A
[1A
[1A
[1A
[1A
[1A
[1A
[1A
[1A
[1A
[1A
[1A
[1A
[1A
[1A
[1A
[1A
[1A
[1A
[1A
[1A
[1A
[1A
[1A
[1A
[1A
[1A
[1A
[1A
[1A
[1A
[1A#############                                                             18.9%
[1A
[1A
[1A
[1A
[1A
[1A
[1A
[1A
[1A
[1A
[1A
[1A
[1A
[1A
[1A
[1A
[1A
[1A
[1A
[1A
[1A
[1A
[1A
[1A
[1A
[1A
[1A
[1A
[1A
[1A
[1A
[1A
[1A
[1A
[1A
[1A
[1A
[1A
[1A
[1A
[1A
[1A
[1A
[1A
[1A
[1A
[1A
[1A
[1A
[1A
[1A
[1A
[1A
[1A
[1A
[1A
[1A
[1A
[1A
[1A
[1A
[1A
[1A
[1A
[1A
[1A
[1A
[1A
[1A
[1A
[1A##############                                                            20.0%
[1A
[1A
[1A
[1A
[1A
[1A
[1A
[1A
[1A
[1A
[1A
[1A
[1A
[1A
[1A
[1A
[1A
[1A
[1A
[1A
[1A
[1A
[1A
[1A
[1A
[1A
[1A
[1A
[1A
[1A
[1A
[1A
[1A
[1A
[1A
[1A
[1A
[1A
[1A
[1A
[1A
[1A
[1A
[1A
[1A
[1A
[1A
[1A
[1A
[1A
[1A
[1A
[1A
[1A
[1A
[1A
[1A
[1A
[1A
[1A
[1A
[1A
[1A
[1A
[1A
[1A
[1A
[1A
[1A
[1A
[1A
[1A
[1A
[1A
[1A###############                                                           21.0%
[1A
[1A
[1A
[1A
[1A
[1A
[1A
[1A
[1A
[1A
[1A
[1A
[1A
[1A
[1A
[1A
[1A
[1A
[1A
[1A
[1A
[1A
[1A
[1A
[1A
[1A
[1A
[1A
[1A
[1A
[1A
[1A
[1A
[1A
[1A
[1A
[1A
[1A
[1A
[1A
[1A
[1A
[1A
[1A
[1A
[1A
[1A
[1A
[1A
[1A
[1A
[1A
[1A
[1A
[1A
[1A
[1A
[1A
[1A
[1A
[1A
[1A
[1A###############                                                           21.6%
[1A
[1A
[1A
[1A
[1A
[1A
[1A
[1A
[1A
[1A
[1A
[1A
[1A
[1A
[1A
[1A
[1A
[1A
[1A
[1A
[1A
[1A
[1A
[1A
[1A
[1A
[1A
[1A
[1A
[1A
[1A
[1A
[1A
[1A
[1A
[1A
[1A
[1A
[1A
[1A
[1A
[1A
[1A
[1A
[1A
[1A
[1A
[1A
[1A
[1A
[1A
[1A
[1A
[1A
[1A
[1A
[1A
[1A###############                                                           22.0%
[1A
[1A
[1A
[1A
[1A
[1A
[1A
[1A
[1A
[1A
[1A
[1A
[1A
[1A
[1A
[1A
[1A
[1A
[1A
[1A
[1A
[1A
[1A
[1A
[1A
[1A
[1A
[1A
[1A
[1A
[1A
[1A
[1A
[1A
[1A
[1A
[1A
[1A
[1A
[1A
[1A
[1A
[1A
[1A
[1A
[1A
[1A
[1A
[1A
[1A
[1A
[1A
[1A
[1A
[1A
[1A
[1A
[1A
[1A
[1A
[1A
[1A
[1A
[1A
[1A
[1A
[1A
[1A
[1A
[1A
[1A
[1A
[1A
[1A################                                                          22.9%
[1A
[1A
[1A
[1A
[1A
[1A
[1A
[1A
[1A
[1A
[1A
[1A
[1A
[1A
[1A
[1A
[1A
[1A
[1A
[1A
[1A
[1A
[1A
[1A
[1A
[1A
[1A
[1A
[1A
[1A
[1A
[1A
[1A
[1A
[1A
[1A
[1A
[1A
[1A
[1A
[1A
[1A
[1A
[1A
[1A
[1A
[1A
[1A
[1A
[1A
[1A
[1A
[1A
[1A
[1A
[1A
[1A
[1A
[1A
[1A
[1A
[1A
[1A
[1A
[1A
[1A
[1A#################                                                         23.9%
[1A
[1A
[1A
[1A
[1A
[1A
[1A
[1A
[1A
[1A
[1A
[1A
[1A
[1A
[1A
[1A
[1A
[1A
[1A
[1A
[1A
[1A
[1A
[1A
[1A
[1A
[1A
[1A
[1A
[1A
[1A
[1A
[1A
[1A
[1A
[1A
[1A
[1A
[1A
[1A
[1A
[1A
[1A
[1A
[1A
[1A
[1A
[1A
[1A
[1A
[1A
[1A
[1A
[1A
[1A
[1A
[1A
[1A
[1A
[1A
[1A
[1A
[1A
[1A
[1A
[1A
[1A
[1A
[1A
[1A
[1A
[1A
[1A
[1A
[1A
[1A
[1A
[1A#################                                                         24.9%
[1A
[1A
[1A
[1A
[1A
[1A
[1A
[1A
[1A
[1A
[1A
[1A
[1A
[1A
[1A
[1A
[1A
[1A
[1A
[1A
[1A
[1A
[1A
[1A
[1A
[1A
[1A
[1A
[1A
[1A
[1A
[1A
[1A
[1A
[1A
[1A
[1A
[1A
[1A
[1A
[1A
[1A
[1A
[1A
[1A
[1A
[1A
[1A
[1A
[1A
[1A
[1A
[1A
[1A
[1A
[1A
[1A
[1A
[1A
[1A
[1A
[1A
[1A
[1A
[1A
[1A
[1A
[1A
[1A
[1A##################                                                        25.9%
[1A
[1A
[1A
[1A
[1A
[1A
[1A
[1A
[1A
[1A
[1A
[1A
[1A
[1A
[1A
[1A
[1A
[1A
[1A
[1A
[1A
[1A
[1A
[1A
[1A
[1A
[1A
[1A
[1A
[1A
[1A
[1A
[1A
[1A
[1A
[1A
[1A
[1A
[1A
[1A
[1A
[1A
[1A
[1A
[1A
[1A
[1A
[1A
[1A
[1A
[1A
[1A
[1A
[1A
[1A
[1A
[1A
[1A
[1A
[1A
[1A
[1A
[1A
[1A
[1A
[1A
[1A
[1A
[1A
[1A###################                                                       26.9%
[1A
[1A
[1A
[1A
[1A
[1A
[1A
[1A
[1A
[1A
[1A
[1A
[1A
[1A
[1A
[1A
[1A
[1A
[1A
[1A
[1A
[1A
[1A
[1A
[1A
[1A
[1A
[1A
[1A
[1A
[1A
[1A
[1A
[1A
[1A
[1A
[1A
[1A
[1A
[1A
[1A
[1A
[1A
[1A
[1A
[1A
[1A
[1A
[1A
[1A
[1A
[1A
[1A
[1A
[1A
[1A
[1A
[1A
[1A
[1A
[1A
[1A
[1A
[1A
[1A
[1A####################                                                      27.9%
[1A
[1A
[1A
[1A
[1A
[1A
[1A
[1A
[1A
[1A
[1A
[1A
[1A
[1A
[1A
[1A
[1A
[1A
[1A
[1A
[1A
[1A
[1A
[1A
[1A
[1A
[1A
[1A
[1A
[1A
[1A
[1A
[1A
[1A
[1A
[1A
[1A
[1A
[1A
[1A
[1A
[1A
[1A
[1A
[1A
[1A
[1A
[1A
[1A
[1A
[1A
[1A
[1A
[1A
[1A
[1A
[1A
[1A
[1A
[1A
[1A
[1A
[1A
[1A
[1A
[1A
[1A
[1A####################                                                      29.0%
[1A
[1A
[1A
[1A
[1A
[1A
[1A
[1A
[1A
[1A
[1A
[1A
[1A
[1A
[1A
[1A
[1A
[1A
[1A
[1A
[1A
[1A
[1A
[1A
[1A
[1A
[1A
[1A
[1A
[1A
[1A
[1A
[1A
[1A
[1A
[1A
[1A
[1A
[1A
[1A
[1A
[1A
[1A
[1A
[1A
[1A
[1A
[1A
[1A
[1A
[1A
[1A
[1A
[1A
[1A
[1A
[1A
[1A
[1A
[1A
[1A
[1A
[1A
[1A
[1A
[1A
[1A
[1A
[1A
[1A#####################                                                     30.0%
[1A
[1A
[1A
[1A
[1A
[1A
[1A
[1A
[1A
[1A
[1A
[1A
[1A
[1A
[1A
[1A
[1A
[1A
[1A
[1A
[1A
[1A
[1A
[1A
[1A
[1A
[1A
[1A
[1A
[1A
[1A
[1A
[1A
[1A
[1A
[1A
[1A
[1A
[1A
[1A
[1A
[1A
[1A
[1A
[1A
[1A
[1A
[1A
[1A
[1A
[1A
[1A
[1A
[1A
[1A
[1A
[1A
[1A
[1A
[1A
[1A
[1A
[1A
[1A
[1A
[1A
[1A
[1A
[1A
[1A
[1A
[1A
[1A
[1A
[1A
[1A######################                                                    30.7%
[1A
[1A
[1A
[1A
[1A
[1A
[1A
[1A
[1A
[1A
[1A
[1A
[1A
[1A
[1A
[1A
[1A
[1A
[1A
[1A
[1A
[1A
[1A
[1A
[1A
[1A
[1A
[1A
[1A
[1A
[1A
[1A
[1A
[1A
[1A
[1A
[1A
[1A
[1A
[1A
[1A
[1A
[1A
[1A
[1A
[1A
[1A
[1A
[1A
[1A
[1A
[1A
[1A
[1A
[1A
[1A
[1A
[1A
[1A
[1A
[1A
[1A
[1A
[1A
[1A
[1A
[1A
[1A
[1A
[1A######################                                                    31.2%
[1A
[1A
[1A
[1A
[1A
[1A
[1A
[1A
[1A
[1A
[1A
[1A
[1A
[1A
[1A
[1A
[1A
[1A
[1A
[1A
[1A
[1A
[1A
[1A
[1A
[1A
[1A
[1A
[1A
[1A
[1A
[1A
[1A
[1A
[1A
[1A
[1A
[1A
[1A
[1A
[1A
[1A
[1A
[1A
[1A
[1A
[1A
[1A
[1A
[1A
[1A
[1A
[1A
[1A
[1A
[1A
[1A
[1A
[1A
[1A
[1A
[1A
[1A
[1A
[1A
[1A
[1A#######################                                                   32.2%
[1A
[1A
[1A
[1A
[1A
[1A
[1A
[1A
[1A
[1A
[1A
[1A
[1A
[1A
[1A
[1A
[1A
[1A
[1A
[1A
[1A
[1A
[1A
[1A
[1A
[1A
[1A
[1A
[1A
[1A
[1A
[1A
[1A
[1A
[1A
[1A
[1A
[1A
[1A
[1A
[1A
[1A
[1A
[1A
[1A
[1A
[1A
[1A
[1A
[1A
[1A
[1A
[1A
[1A
[1A
[1A
[1A
[1A
[1A
[1A#######################                                                   33.1%
[1A
[1A
[1A
[1A
[1A
[1A
[1A
[1A
[1A
[1A
[1A
[1A
[1A
[1A
[1A
[1A
[1A
[1A
[1A
[1A
[1A
[1A
[1A
[1A
[1A
[1A
[1A
[1A
[1A
[1A
[1A
[1A
[1A
[1A
[1A
[1A
[1A
[1A
[1A
[1A
[1A
[1A
[1A
[1A
[1A
[1A
[1A
[1A
[1A
[1A
[1A
[1A
[1A
[1A
[1A
[1A
[1A
[1A
[1A
[1A
[1A########################                                                  34.0%
[1A
[1A
[1A
[1A
[1A
[1A
[1A
[1A
[1A
[1A
[1A
[1A
[1A
[1A
[1A
[1A
[1A
[1A
[1A
[1A
[1A
[1A
[1A
[1A
[1A
[1A
[1A
[1A
[1A
[1A
[1A
[1A
[1A
[1A
[1A
[1A
[1A
[1A
[1A
[1A
[1A
[1A
[1A
[1A
[1A
[1A
[1A
[1A
[1A
[1A
[1A
[1A
[1A
[1A
[1A
[1A
[1A
[1A
[1A
[1A
[1A
[1A
[1A
[1A
[1A
[1A
[1A
[1A
[1A
[1A
[1A
[1A
[1A
[1A
[1A#########################                                                 35.1%
[1A
[1A
[1A
[1A
[1A
[1A
[1A
[1A
[1A
[1A
[1A
[1A
[1A
[1A
[1A
[1A
[1A
[1A
[1A
[1A
[1A
[1A
[1A
[1A
[1A
[1A
[1A
[1A
[1A
[1A
[1A
[1A
[1A
[1A
[1A
[1A
[1A
[1A
[1A
[1A
[1A
[1A
[1A
[1A
[1A
[1A
[1A
[1A
[1A
[1A
[1A
[1A
[1A
[1A
[1A
[1A
[1A
[1A
[1A
[1A
[1A
[1A
[1A
[1A
[1A
[1A
[1A
[1A
[1A
[1A
[1A
[1A
[1A
[1A
[1A
[1A
[1A
[1A
[1A#########################                                                 35.8%
[1A
[1A
[1A
[1A
[1A
[1A
[1A
[1A
[1A
[1A
[1A
[1A
[1A
[1A
[1A
[1A
[1A
[1A
[1A
[1A
[1A
[1A
[1A
[1A
[1A
[1A
[1A
[1A
[1A
[1A
[1A
[1A
[1A
[1A
[1A
[1A
[1A
[1A
[1A
[1A
[1A
[1A
[1A
[1A
[1A
[1A
[1A
[1A
[1A
[1A
[1A
[1A
[1A
[1A
[1A
[1A
[1A
[1A
[1A
[1A
[1A
[1A
[1A
[1A
[1A
[1A
[1A
[1A
[1A
[1A
[1A
[1A
[1A
[1A
[1A
[1A
[1A
[1A
[1A
[1A#########################                                                 35.9%
[1A
[1A
[1A
[1A
[1A
[1A
[1A
[1A
[1A
[1A
[1A
[1A
[1A
[1A
[1A
[1A
[1A
[1A
[1A
[1A
[1A
[1A
[1A
[1A
[1A
[1A
[1A
[1A
[1A
[1A
[1A
[1A
[1A
[1A
[1A
[1A
[1A
[1A
[1A
[1A
[1A
[1A
[1A
[1A
[1A
[1A
[1A
[1A
[1A
[1A
[1A
[1A
[1A
[1A
[1A
[1A
[1A
[1A
[1A
[1A
[1A
[1A
[1A
[1A
[1A
[1A
[1A
[1A
[1A
[1A
[1A
[1A
[1A
[1A
[1A
[1A
[1A
[1A
[1A#########################                                                 36.0%
[1A
[1A
[1A
[1A
[1A
[1A
[1A
[1A
[1A
[1A
[1A
[1A
[1A
[1A
[1A
[1A
[1A
[1A
[1A
[1A
[1A
[1A
[1A
[1A
[1A
[1A
[1A
[1A
[1A
[1A
[1A
[1A
[1A
[1A
[1A
[1A
[1A
[1A
[1A
[1A
[1A
[1A
[1A
[1A
[1A
[1A
[1A
[1A
[1A
[1A
[1A
[1A
[1A
[1A
[1A
[1A
[1A
[1A
[1A
[1A
[1A
[1A
[1A
[1A
[1A
[1A
[1A
[1A
[1A
[1A
[1A
[1A
[1A##########################                                                37.0%
[1A
[1A
[1A
[1A
[1A
[1A
[1A
[1A
[1A
[1A
[1A
[1A
[1A
[1A
[1A
[1A
[1A
[1A
[1A
[1A
[1A
[1A
[1A
[1A
[1A
[1A
[1A
[1A
[1A
[1A
[1A
[1A
[1A
[1A
[1A
[1A
[1A
[1A
[1A
[1A
[1A
[1A
[1A
[1A
[1A
[1A
[1A
[1A
[1A
[1A
[1A
[1A
[1A
[1A
[1A
[1A
[1A
[1A
[1A###########################                                               38.2%
[1A
[1A
[1A
[1A
[1A
[1A
[1A
[1A
[1A
[1A
[1A
[1A
[1A
[1A
[1A
[1A
[1A
[1A
[1A
[1A
[1A
[1A
[1A
[1A
[1A
[1A
[1A
[1A
[1A
[1A
[1A
[1A
[1A
[1A
[1A
[1A
[1A
[1A
[1A
[1A
[1A
[1A
[1A
[1A
[1A
[1A
[1A
[1A
[1A
[1A
[1A
[1A
[1A
[1A
[1A
[1A
[1A
[1A
[1A
[1A
[1A
[1A
[1A
[1A
[1A
[1A
[1A############################                                              39.2%
[1A
[1A
[1A
[1A
[1A
[1A
[1A
[1A
[1A
[1A
[1A
[1A
[1A
[1A
[1A
[1A
[1A
[1A
[1A
[1A
[1A
[1A
[1A
[1A
[1A
[1A
[1A
[1A############################                                              40.1%
[1A
[1A
[1A
[1A
[1A
[1A
[1A
[1A
[1A
[1A
[1A
[1A
[1A
[1A
[1A
[1A
[1A
[1A
[1A
[1A
[1A
[1A
[1A
[1A
[1A
[1A
[1A
[1A
[1A
[1A
[1A
[1A
[1A
[1A
[1A
[1A
[1A
[1A
[1A
[1A
[1A
[1A
[1A
[1A
[1A
[1A
[1A
[1A
[1A
[1A
[1A
[1A
[1A
[1A
[1A
[1A
[1A
[1A
[1A#############################                                             41.1%
[1A
[1A
[1A
[1A
[1A
[1A
[1A
[1A
[1A
[1A
[1A
[1A
[1A
[1A
[1A
[1A
[1A
[1A
[1A
[1A
[1A
[1A
[1A
[1A
[1A
[1A
[1A
[1A
[1A
[1A
[1A
[1A
[1A
[1A
[1A
[1A
[1A
[1A
[1A
[1A
[1A
[1A
[1A
[1A
[1A
[1A
[1A
[1A
[1A
[1A
[1A
[1A
[1A
[1A
[1A
[1A
[1A
[1A
[1A
[1A
[1A
[1A##############################                                            42.1%
[1A
[1A
[1A
[1A
[1A
[1A
[1A
[1A
[1A
[1A
[1A
[1A
[1A
[1A
[1A
[1A
[1A
[1A
[1A
[1A
[1A
[1A
[1A
[1A
[1A
[1A
[1A
[1A
[1A
[1A
[1A
[1A
[1A
[1A
[1A
[1A
[1A
[1A
[1A
[1A
[1A
[1A
[1A
[1A
[1A
[1A
[1A
[1A
[1A
[1A
[1A
[1A
[1A
[1A
[1A
[1A
[1A
[1A
[1A
[1A
[1A
[1A
[1A
[1A
[1A##############################                                            43.0%
[1A
[1A
[1A
[1A
[1A
[1A
[1A
[1A
[1A
[1A
[1A
[1A
[1A
[1A
[1A
[1A
[1A
[1A
[1A
[1A
[1A
[1A
[1A
[1A
[1A
[1A
[1A
[1A
[1A
[1A
[1A
[1A
[1A
[1A
[1A
[1A
[1A
[1A
[1A
[1A
[1A
[1A
[1A
[1A
[1A
[1A
[1A
[1A
[1A
[1A
[1A
[1A
[1A
[1A
[1A
[1A
[1A
[1A
[1A
[1A
[1A
[1A
[1A
[1A
[1A
[1A
[1A###############################                                           43.6%
[1A
[1A
[1A
[1A
[1A
[1A
[1A
[1A
[1A
[1A
[1A
[1A
[1A
[1A
[1A
[1A
[1A
[1A
[1A
[1A
[1A
[1A
[1A
[1A
[1A
[1A
[1A
[1A
[1A
[1A
[1A
[1A
[1A
[1A
[1A
[1A
[1A
[1A
[1A
[1A
[1A
[1A
[1A
[1A
[1A
[1A
[1A
[1A
[1A
[1A
[1A
[1A
[1A
[1A
[1A
[1A
[1A
[1A
[1A
[1A
[1A
[1A
[1A
[1A
[1A
[1A
[1A
[1A
[1A
[1A
[1A
[1A
[1A###############################                                           43.7%
[1A
[1A
[1A
[1A
[1A
[1A
[1A
[1A
[1A
[1A
[1A
[1A
[1A
[1A
[1A
[1A
[1A
[1A
[1A
[1A
[1A
[1A
[1A
[1A
[1A
[1A
[1A
[1A
[1A
[1A
[1A
[1A
[1A
[1A
[1A
[1A
[1A
[1A
[1A
[1A
[1A
[1A
[1A
[1A
[1A
[1A
[1A
[1A
[1A
[1A
[1A
[1A
[1A
[1A
[1A
[1A
[1A
[1A
[1A
[1A
[1A
[1A
[1A
[1A
[1A
[1A
[1A
[1A
[1A
[1A
[1A
[1A
[1A
[1A
[1A
[1A
[1A
[1A
[1A###############################                                           43.8%
[1A
[1A
[1A
[1A
[1A
[1A
[1A
[1A
[1A
[1A
[1A
[1A
[1A
[1A
[1A
[1A
[1A
[1A
[1A
[1A
[1A
[1A
[1A
[1A
[1A
[1A
[1A
[1A
[1A
[1A
[1A
[1A
[1A
[1A
[1A
[1A
[1A
[1A
[1A
[1A
[1A
[1A
[1A
[1A
[1A
[1A
[1A
[1A
[1A
[1A
[1A
[1A
[1A
[1A
[1A
[1A
[1A
[1A
[1A
[1A
[1A
[1A
[1A
[1A
[1A
[1A
[1A
[1A
[1A
[1A
[1A
[1A
[1A
[1A
[1A
[1A
[1A
[1A
[1A
[1A###############################                                           43.9%
[1A
[1A
[1A
[1A
[1A
[1A
[1A
[1A
[1A
[1A
[1A
[1A
[1A
[1A
[1A
[1A
[1A
[1A
[1A
[1A
[1A
[1A
[1A
[1A
[1A
[1A
[1A
[1A
[1A
[1A
[1A
[1A
[1A
[1A
[1A
[1A
[1A
[1A
[1A
[1A
[1A
[1A
[1A
[1A
[1A
[1A
[1A
[1A
[1A
[1A
[1A
[1A
[1A
[1A
[1A
[1A
[1A
[1A
[1A
[1A
[1A
[1A
[1A
[1A
[1A
[1A###############################                                           44.2%
[1A
[1A
[1A
[1A
[1A
[1A
[1A
[1A
[1A
[1A
[1A
[1A
[1A
[1A
[1A
[1A
[1A
[1A
[1A
[1A
[1A
[1A
[1A
[1A
[1A
[1A
[1A
[1A
[1A
[1A
[1A
[1A
[1A
[1A
[1A
[1A
[1A
[1A
[1A
[1A
[1A
[1A
[1A
[1A
[1A
[1A
[1A
[1A
[1A
[1A
[1A
[1A
[1A
[1A
[1A
[1A
[1A
[1A
[1A
[1A
[1A
[1A
[1A
[1A################################                                          45.3%
[1A
[1A
[1A
[1A
[1A
[1A
[1A
[1A
[1A
[1A
[1A
[1A
[1A
[1A
[1A
[1A
[1A
[1A
[1A
[1A
[1A
[1A
[1A
[1A
[1A
[1A
[1A
[1A
[1A
[1A
[1A
[1A
[1A
[1A
[1A
[1A
[1A
[1A
[1A
[1A
[1A
[1A
[1A
[1A
[1A
[1A
[1A
[1A
[1A
[1A
[1A
[1A
[1A
[1A
[1A
[1A
[1A
[1A
[1A
[1A
[1A
[1A
[1A#################################                                         46.2%
[1A
[1A
[1A
[1A
[1A
[1A
[1A
[1A
[1A
[1A
[1A
[1A
[1A
[1A
[1A
[1A
[1A
[1A
[1A
[1A
[1A
[1A
[1A
[1A
[1A
[1A
[1A
[1A
[1A
[1A
[1A
[1A
[1A
[1A
[1A
[1A
[1A
[1A
[1A
[1A
[1A
[1A
[1A
[1A
[1A
[1A
[1A
[1A
[1A
[1A
[1A
[1A
[1A
[1A
[1A
[1A
[1A
[1A#################################                                         47.1%
[1A
[1A
[1A
[1A
[1A
[1A
[1A
[1A
[1A
[1A
[1A
[1A
[1A
[1A
[1A
[1A
[1A
[1A
[1A
[1A
[1A
[1A
[1A
[1A
[1A
[1A
[1A
[1A
[1A
[1A
[1A
[1A
[1A
[1A
[1A
[1A
[1A
[1A
[1A
[1A
[1A
[1A
[1A
[1A
[1A
[1A
[1A
[1A
[1A
[1A
[1A
[1A
[1A
[1A
[1A
[1A
[1A
[1A
[1A
[1A
[1A
[1A
[1A
[1A
[1A
[1A
[1A
[1A
[1A
[1A
[1A
[1A
[1A##################################                                        48.0%
[1A
[1A
[1A
[1A
[1A
[1A
[1A
[1A
[1A
[1A
[1A
[1A
[1A
[1A
[1A
[1A
[1A
[1A
[1A
[1A
[1A
[1A
[1A
[1A
[1A
[1A
[1A
[1A
[1A
[1A
[1A
[1A
[1A
[1A
[1A
[1A
[1A
[1A
[1A
[1A
[1A
[1A
[1A
[1A
[1A
[1A
[1A
[1A
[1A
[1A
[1A
[1A
[1A
[1A
[1A
[1A
[1A
[1A
[1A
[1A###################################                                       48.8%
[1A
[1A
[1A
[1A
[1A
[1A
[1A
[1A
[1A
[1A
[1A
[1A
[1A
[1A
[1A
[1A
[1A
[1A
[1A
[1A
[1A
[1A
[1A
[1A
[1A
[1A
[1A
[1A
[1A
[1A
[1A
[1A
[1A
[1A
[1A
[1A
[1A
[1A
[1A
[1A
[1A
[1A
[1A
[1A
[1A
[1A
[1A
[1A
[1A
[1A
[1A
[1A
[1A
[1A
[1A
[1A
[1A
[1A
[1A
[1A
[1A
[1A
[1A
[1A
[1A
[1A
[1A
[1A
[1A###################################                                       49.7%
[1A
[1A
[1A
[1A
[1A
[1A
[1A
[1A
[1A
[1A
[1A
[1A
[1A
[1A
[1A
[1A
[1A
[1A
[1A
[1A
[1A
[1A
[1A
[1A
[1A
[1A
[1A
[1A
[1A
[1A
[1A
[1A
[1A
[1A
[1A
[1A
[1A
[1A
[1A
[1A
[1A
[1A
[1A
[1A
[1A
[1A
[1A####################################                                      50.2%
[1A
[1A
[1A
[1A
[1A
[1A
[1A
[1A
[1A
[1A
[1A
[1A
[1A
[1A
[1A
[1A
[1A
[1A
[1A
[1A
[1A
[1A
[1A
[1A
[1A
[1A
[1A
[1A
[1A
[1A
[1A
[1A
[1A
[1A
[1A
[1A
[1A
[1A
[1A
[1A
[1A
[1A
[1A
[1A
[1A
[1A
[1A
[1A
[1A
[1A
[1A
[1A
[1A
[1A
[1A
[1A
[1A
[1A
[1A
[1A
[1A
[1A
[1A
[1A
[1A
[1A
[1A
[1A
[1A####################################                                      51.1%
[1A
[1A
[1A
[1A
[1A
[1A
[1A
[1A
[1A
[1A
[1A
[1A
[1A
[1A
[1A
[1A
[1A
[1A
[1A
[1A
[1A
[1A
[1A
[1A
[1A
[1A
[1A
[1A
[1A
[1A
[1A
[1A
[1A
[1A
[1A
[1A
[1A
[1A
[1A
[1A
[1A
[1A
[1A
[1A
[1A
[1A
[1A
[1A
[1A#####################################                                     52.1%
[1A
[1A
[1A
[1A
[1A
[1A
[1A
[1A
[1A
[1A
[1A
[1A
[1A
[1A
[1A
[1A
[1A
[1A
[1A
[1A
[1A
[1A
[1A
[1A
[1A
[1A
[1A
[1A
[1A
[1A
[1A
[1A
[1A
[1A
[1A
[1A
[1A
[1A
[1A
[1A
[1A
[1A
[1A
[1A
[1A
[1A
[1A
[1A
[1A
[1A
[1A
[1A
[1A
[1A
[1A
[1A
[1A
[1A
[1A
[1A
[1A
[1A######################################                                    53.1%
[1A
[1A
[1A
[1A
[1A
[1A
[1A
[1A
[1A
[1A
[1A
[1A
[1A
[1A
[1A
[1A
[1A
[1A
[1A
[1A
[1A
[1A
[1A
[1A
[1A
[1A
[1A
[1A
[1A
[1A
[1A
[1A
[1A
[1A
[1A
[1A
[1A
[1A
[1A
[1A
[1A
[1A
[1A
[1A
[1A
[1A
[1A
[1A
[1A
[1A
[1A
[1A
[1A
[1A
[1A
[1A
[1A
[1A
[1A
[1A
[1A
[1A
[1A
[1A######################################                                    54.1%
[1A
[1A
[1A
[1A
[1A
[1A
[1A
[1A
[1A
[1A
[1A
[1A
[1A
[1A
[1A
[1A
[1A
[1A
[1A
[1A
[1A
[1A
[1A
[1A
[1A
[1A
[1A
[1A
[1A
[1A
[1A
[1A
[1A
[1A
[1A
[1A
[1A
[1A
[1A
[1A
[1A
[1A
[1A
[1A
[1A
[1A
[1A
[1A
[1A
[1A
[1A
[1A
[1A
[1A
[1A
[1A
[1A
[1A
[1A
[1A
[1A#######################################                                   55.0%
[1A
[1A
[1A
[1A
[1A
[1A
[1A
[1A
[1A
[1A
[1A
[1A
[1A
[1A
[1A
[1A
[1A
[1A
[1A
[1A
[1A
[1A
[1A
[1A
[1A
[1A
[1A
[1A
[1A
[1A
[1A
[1A
[1A
[1A
[1A
[1A
[1A
[1A
[1A
[1A
[1A
[1A
[1A
[1A
[1A
[1A
[1A
[1A
[1A
[1A
[1A
[1A
[1A
[1A
[1A
[1A
[1A
[1A
[1A
[1A
[1A
[1A
[1A
[1A
[1A
[1A
[1A
[1A
[1A
[1A
[1A
[1A
[1A
[1A########################################                                  55.9%
[1A
[1A
[1A
[1A
[1A
[1A
[1A
[1A
[1A
[1A
[1A
[1A
[1A
[1A
[1A
[1A
[1A
[1A
[1A
[1A
[1A
[1A
[1A
[1A
[1A
[1A
[1A
[1A
[1A
[1A
[1A
[1A
[1A
[1A
[1A
[1A
[1A
[1A
[1A
[1A
[1A
[1A
[1A
[1A
[1A
[1A
[1A
[1A
[1A
[1A
[1A
[1A
[1A
[1A
[1A
[1A
[1A
[1A
[1A
[1A
[1A
[1A
[1A
[1A
[1A
[1A
[1A
[1A
[1A
[1A
[1A
[1A
[1A
[1A########################################                                  56.7%
[1A
[1A
[1A
[1A
[1A
[1A
[1A
[1A
[1A
[1A
[1A
[1A
[1A
[1A
[1A
[1A
[1A
[1A
[1A
[1A
[1A
[1A
[1A
[1A
[1A
[1A
[1A
[1A
[1A
[1A
[1A
[1A
[1A
[1A
[1A
[1A
[1A
[1A
[1A
[1A
[1A
[1A
[1A
[1A
[1A
[1A
[1A
[1A
[1A
[1A
[1A
[1A#########################################                                 57.8%
[1A
[1A
[1A
[1A
[1A
[1A
[1A
[1A
[1A
[1A
[1A
[1A
[1A
[1A
[1A
[1A
[1A
[1A
[1A
[1A
[1A
[1A
[1A
[1A
[1A
[1A
[1A
[1A
[1A
[1A
[1A
[1A
[1A
[1A
[1A
[1A
[1A
[1A
[1A
[1A
[1A
[1A
[1A
[1A
[1A
[1A
[1A
[1A
[1A
[1A
[1A
[1A
[1A
[1A##########################################                                58.5%
[1A
[1A
[1A
[1A
[1A
[1A
[1A
[1A
[1A
[1A
[1A
[1A
[1A
[1A
[1A
[1A
[1A
[1A
[1A
[1A
[1A
[1A
[1A
[1A
[1A
[1A
[1A
[1A
[1A
[1A
[1A
[1A
[1A
[1A
[1A
[1A
[1A
[1A
[1A
[1A
[1A
[1A
[1A
[1A
[1A
[1A
[1A
[1A
[1A
[1A
[1A##########################################                                58.9%
[1A
[1A
[1A
[1A
[1A
[1A
[1A
[1A
[1A
[1A
[1A
[1A
[1A
[1A
[1A
[1A
[1A
[1A
[1A
[1A
[1A
[1A
[1A
[1A
[1A
[1A
[1A
[1A
[1A
[1A
[1A
[1A
[1A
[1A
[1A
[1A
[1A
[1A
[1A
[1A
[1A
[1A
[1A
[1A
[1A
[1A
[1A
[1A
[1A
[1A
[1A
[1A
[1A
[1A
[1A
[1A
[1A
[1A
[1A
[1A
[1A
[1A
[1A
[1A
[1A
[1A
[1A
[1A
[1A
[1A
[1A
[1A
[1A
[1A
[1A
[1A
[1A
[1A
[1A##########################################                                59.6%
[1A
[1A
[1A
[1A
[1A
[1A
[1A
[1A
[1A
[1A
[1A
[1A
[1A
[1A
[1A
[1A
[1A
[1A
[1A
[1A
[1A
[1A
[1A
[1A
[1A
[1A
[1A
[1A
[1A
[1A
[1A
[1A
[1A
[1A
[1A
[1A
[1A
[1A
[1A
[1A
[1A
[1A
[1A
[1A
[1A
[1A
[1A###########################################                               60.2%
[1A
[1A
[1A
[1A
[1A
[1A
[1A
[1A
[1A
[1A
[1A
[1A
[1A
[1A
[1A
[1A
[1A
[1A
[1A
[1A
[1A
[1A
[1A
[1A
[1A
[1A
[1A
[1A
[1A
[1A
[1A
[1A
[1A
[1A
[1A
[1A
[1A
[1A
[1A
[1A
[1A
[1A
[1A
[1A
[1A
[1A
[1A
[1A
[1A###########################################                               61.0%
[1A
[1A
[1A
[1A
[1A
[1A
[1A
[1A
[1A
[1A
[1A
[1A
[1A
[1A
[1A
[1A
[1A
[1A
[1A
[1A
[1A
[1A
[1A
[1A
[1A
[1A
[1A
[1A
[1A
[1A
[1A
[1A
[1A
[1A
[1A
[1A
[1A
[1A
[1A
[1A
[1A
[1A
[1A
[1A
[1A
[1A
[1A
[1A
[1A
[1A
[1A
[1A
[1A
[1A
[1A
[1A
[1A
[1A
[1A
[1A
[1A
[1A
[1A
[1A############################################                              62.0%
[1A
[1A
[1A
[1A
[1A
[1A
[1A
[1A
[1A
[1A
[1A
[1A
[1A
[1A
[1A
[1A
[1A
[1A
[1A
[1A
[1A
[1A
[1A
[1A
[1A
[1A
[1A
[1A
[1A
[1A
[1A
[1A
[1A
[1A
[1A
[1A
[1A
[1A
[1A
[1A
[1A
[1A
[1A
[1A
[1A
[1A
[1A
[1A
[1A
[1A
[1A
[1A
[1A
[1A
[1A
[1A
[1A
[1A
[1A
[1A
[1A
[1A
[1A
[1A
[1A
[1A
[1A
[1A
[1A
[1A
[1A
[1A#############################################                             63.0%
[1A
[1A
[1A
[1A
[1A
[1A
[1A
[1A
[1A
[1A
[1A
[1A
[1A
[1A
[1A
[1A
[1A
[1A
[1A
[1A
[1A
[1A
[1A
[1A
[1A
[1A
[1A
[1A
[1A
[1A
[1A
[1A
[1A
[1A
[1A
[1A
[1A
[1A
[1A
[1A
[1A
[1A
[1A
[1A
[1A
[1A
[1A
[1A
[1A
[1A
[1A
[1A
[1A
[1A
[1A##############################################                            64.0%
[1A
[1A
[1A
[1A
[1A
[1A
[1A
[1A
[1A
[1A
[1A
[1A
[1A
[1A
[1A
[1A
[1A
[1A
[1A
[1A
[1A
[1A
[1A
[1A
[1A
[1A
[1A
[1A
[1A
[1A
[1A
[1A
[1A
[1A
[1A
[1A
[1A
[1A
[1A
[1A
[1A
[1A
[1A
[1A
[1A
[1A
[1A
[1A
[1A
[1A
[1A
[1A
[1A
[1A
[1A
[1A
[1A
[1A
[1A
[1A
[1A
[1A
[1A
[1A
[1A##############################################                            65.0%
[1A
[1A
[1A
[1A
[1A
[1A
[1A
[1A
[1A
[1A
[1A
[1A
[1A
[1A
[1A
[1A
[1A
[1A
[1A
[1A
[1A
[1A
[1A
[1A
[1A
[1A
[1A
[1A
[1A
[1A
[1A
[1A
[1A
[1A
[1A
[1A
[1A
[1A
[1A
[1A
[1A
[1A
[1A
[1A
[1A
[1A
[1A
[1A
[1A
[1A
[1A
[1A
[1A
[1A
[1A
[1A
[1A
[1A###############################################                           66.1%
[1A
[1A
[1A
[1A
[1A
[1A
[1A
[1A
[1A
[1A
[1A
[1A
[1A
[1A
[1A
[1A
[1A
[1A
[1A
[1A
[1A
[1A
[1A
[1A
[1A
[1A
[1A
[1A
[1A
[1A
[1A
[1A
[1A
[1A
[1A
[1A
[1A
[1A
[1A
[1A
[1A
[1A
[1A
[1A
[1A
[1A
[1A
[1A
[1A
[1A
[1A
[1A
[1A
[1A
[1A
[1A
[1A
[1A
[1A
[1A
[1A
[1A
[1A
[1A################################################                          67.1%
[1A
[1A
[1A
[1A
[1A
[1A
[1A
[1A
[1A
[1A
[1A
[1A
[1A
[1A
[1A
[1A
[1A
[1A
[1A
[1A
[1A
[1A
[1A
[1A
[1A
[1A
[1A
[1A
[1A
[1A
[1A
[1A
[1A
[1A
[1A
[1A
[1A
[1A
[1A
[1A
[1A
[1A
[1A
[1A
[1A
[1A
[1A
[1A
[1A
[1A
[1A
[1A
[1A
[1A
[1A
[1A
[1A
[1A
[1A
[1A
[1A#################################################                         68.2%
[1A
[1A
[1A
[1A
[1A
[1A
[1A
[1A
[1A
[1A
[1A
[1A
[1A
[1A
[1A
[1A
[1A
[1A
[1A
[1A
[1A
[1A
[1A
[1A
[1A
[1A
[1A
[1A
[1A
[1A
[1A
[1A
[1A
[1A
[1A
[1A
[1A
[1A
[1A
[1A
[1A
[1A
[1A
[1A
[1A
[1A
[1A
[1A
[1A
[1A
[1A
[1A
[1A
[1A
[1A
[1A
[1A
[1A
[1A
[1A
[1A
[1A
[1A
[1A
[1A#################################################                         69.2%
[1A
[1A
[1A
[1A
[1A
[1A
[1A
[1A
[1A
[1A
[1A
[1A
[1A
[1A
[1A
[1A
[1A
[1A
[1A
[1A
[1A
[1A
[1A
[1A
[1A
[1A
[1A
[1A
[1A
[1A
[1A
[1A
[1A
[1A
[1A
[1A
[1A
[1A
[1A
[1A
[1A
[1A
[1A
[1A
[1A##################################################                        70.2%
[1A
[1A
[1A
[1A
[1A
[1A
[1A
[1A
[1A
[1A
[1A
[1A
[1A
[1A
[1A
[1A
[1A
[1A
[1A
[1A
[1A
[1A
[1A
[1A
[1A
[1A
[1A
[1A
[1A
[1A
[1A
[1A
[1A
[1A
[1A
[1A
[1A
[1A
[1A
[1A
[1A
[1A
[1A
[1A
[1A
[1A
[1A
[1A
[1A
[1A
[1A
[1A
[1A
[1A
[1A
[1A
[1A
[1A
[1A
[1A
[1A
[1A
[1A
[1A
[1A
[1A
[1A
[1A###################################################                       71.0%
[1A
[1A
[1A
[1A
[1A
[1A
[1A
[1A
[1A
[1A
[1A
[1A
[1A
[1A
[1A
[1A
[1A
[1A
[1A
[1A
[1A
[1A
[1A
[1A
[1A
[1A
[1A
[1A
[1A
[1A
[1A
[1A
[1A
[1A
[1A
[1A
[1A
[1A
[1A
[1A
[1A
[1A
[1A
[1A
[1A
[1A
[1A
[1A
[1A
[1A
[1A
[1A
[1A###################################################                       71.9%
[1A
[1A
[1A
[1A
[1A
[1A
[1A
[1A
[1A
[1A
[1A
[1A
[1A
[1A
[1A
[1A
[1A
[1A
[1A
[1A
[1A
[1A
[1A
[1A
[1A
[1A
[1A
[1A
[1A
[1A
[1A
[1A
[1A
[1A
[1A
[1A
[1A
[1A
[1A
[1A
[1A
[1A
[1A
[1A
[1A
[1A
[1A
[1A
[1A
[1A
[1A
[1A
[1A
[1A
[1A
[1A
[1A####################################################                      72.9%
[1A
[1A
[1A
[1A
[1A
[1A
[1A
[1A
[1A
[1A
[1A
[1A
[1A
[1A
[1A
[1A
[1A
[1A
[1A
[1A
[1A
[1A
[1A
[1A
[1A
[1A
[1A
[1A
[1A
[1A
[1A
[1A
[1A
[1A
[1A
[1A
[1A
[1A
[1A
[1A
[1A
[1A
[1A
[1A
[1A
[1A
[1A
[1A
[1A
[1A
[1A
[1A
[1A
[1A
[1A
[1A
[1A
[1A
[1A
[1A
[1A
[1A
[1A
[1A
[1A
[1A
[1A
[1A
[1A
[1A
[1A
[1A
[1A
[1A
[1A
[1A
[1A
[1A
[1A
[1A#####################################################                     73.7%
[1A
[1A
[1A
[1A
[1A
[1A
[1A
[1A
[1A
[1A
[1A
[1A
[1A
[1A
[1A
[1A
[1A
[1A
[1A
[1A
[1A
[1A
[1A
[1A
[1A
[1A
[1A
[1A
[1A
[1A
[1A
[1A
[1A
[1A
[1A
[1A
[1A
[1A
[1A
[1A
[1A
[1A
[1A
[1A
[1A
[1A
[1A
[1A
[1A
[1A
[1A
[1A
[1A
[1A
[1A
[1A
[1A
[1A
[1A
[1A#####################################################                     74.6%
[1A
[1A
[1A
[1A
[1A
[1A
[1A
[1A
[1A
[1A
[1A
[1A
[1A
[1A
[1A
[1A
[1A
[1A
[1A
[1A
[1A
[1A
[1A
[1A
[1A
[1A
[1A
[1A
[1A
[1A
[1A
[1A
[1A
[1A
[1A
[1A
[1A
[1A
[1A
[1A
[1A
[1A
[1A
[1A
[1A
[1A
[1A
[1A
[1A
[1A
[1A
[1A######################################################                    75.5%
[1A
[1A
[1A
[1A
[1A
[1A
[1A
[1A
[1A
[1A
[1A
[1A
[1A
[1A
[1A
[1A
[1A
[1A
[1A
[1A
[1A
[1A
[1A
[1A
[1A
[1A
[1A
[1A
[1A
[1A
[1A
[1A
[1A
[1A
[1A
[1A
[1A
[1A
[1A
[1A
[1A
[1A
[1A
[1A
[1A
[1A
[1A
[1A
[1A
[1A
[1A
[1A
[1A
[1A
[1A
[1A
[1A
[1A
[1A
[1A
[1A
[1A
[1A
[1A
[1A
[1A
[1A
[1A#######################################################                   76.4%
[1A
[1A
[1A
[1A
[1A
[1A
[1A
[1A
[1A
[1A
[1A
[1A
[1A
[1A
[1A
[1A
[1A
[1A
[1A
[1A
[1A
[1A
[1A
[1A
[1A
[1A
[1A
[1A
[1A
[1A
[1A
[1A
[1A
[1A
[1A
[1A
[1A
[1A
[1A
[1A
[1A
[1A
[1A
[1A
[1A
[1A
[1A
[1A
[1A
[1A
[1A
[1A#######################################################                   77.4%
[1A
[1A
[1A
[1A
[1A
[1A
[1A
[1A
[1A
[1A
[1A
[1A
[1A
[1A
[1A
[1A
[1A
[1A
[1A
[1A
[1A
[1A
[1A
[1A
[1A
[1A
[1A
[1A
[1A
[1A
[1A
[1A
[1A
[1A
[1A
[1A
[1A
[1A
[1A
[1A
[1A
[1A
[1A
[1A
[1A
[1A
[1A
[1A
[1A
[1A
[1A
[1A
[1A
[1A
[1A
[1A########################################################                  78.5%
[1A
[1A
[1A
[1A
[1A
[1A
[1A
[1A
[1A
[1A
[1A
[1A
[1A
[1A
[1A
[1A
[1A
[1A
[1A
[1A
[1A
[1A
[1A
[1A
[1A
[1A
[1A
[1A
[1A
[1A
[1A
[1A
[1A
[1A
[1A
[1A
[1A
[1A
[1A
[1A
[1A
[1A
[1A
[1A
[1A
[1A
[1A
[1A
[1A
[1A
[1A
[1A
[1A
[1A
[1A
[1A
[1A
[1A
[1A
[1A
[1A
[1A
[1A
[1A
[1A
[1A
[1A
[1A
[1A
[1A
[1A
[1A
[1A
[1A
[1A#########################################################                 79.2%
[1A
[1A
[1A
[1A
[1A
[1A
[1A
[1A
[1A
[1A
[1A
[1A
[1A
[1A
[1A
[1A
[1A
[1A
[1A
[1A
[1A
[1A
[1A
[1A
[1A
[1A
[1A
[1A
[1A
[1A
[1A
[1A
[1A
[1A
[1A
[1A
[1A
[1A
[1A
[1A
[1A
[1A
[1A
[1A
[1A
[1A
[1A
[1A
[1A
[1A
[1A
[1A
[1A
[1A
[1A
[1A
[1A
[1A
[1A
[1A
[1A
[1A
[1A
[1A
[1A
[1A
[1A#########################################################                 79.5%
[1A
[1A
[1A
[1A
[1A
[1A
[1A
[1A
[1A
[1A
[1A
[1A
[1A
[1A
[1A
[1A
[1A
[1A
[1A
[1A
[1A
[1A
[1A
[1A
[1A
[1A
[1A
[1A
[1A
[1A
[1A
[1A
[1A
[1A
[1A
[1A
[1A
[1A
[1A
[1A
[1A
[1A
[1A
[1A
[1A
[1A
[1A
[1A
[1A
[1A
[1A
[1A
[1A
[1A
[1A
[1A
[1A
[1A
[1A
[1A
[1A
[1A
[1A
[1A
[1A
[1A
[1A
[1A
[1A
[1A
[1A
[1A#########################################################                 80.4%
[1A
[1A
[1A
[1A
[1A
[1A
[1A
[1A
[1A
[1A
[1A
[1A
[1A
[1A
[1A
[1A
[1A
[1A
[1A
[1A
[1A
[1A
[1A
[1A
[1A
[1A
[1A
[1A
[1A
[1A
[1A
[1A
[1A
[1A
[1A
[1A
[1A
[1A
[1A
[1A
[1A
[1A
[1A
[1A
[1A
[1A
[1A
[1A
[1A
[1A
[1A
[1A
[1A
[1A
[1A
[1A
[1A
[1A
[1A
[1A
[1A
[1A
[1A
[1A
[1A
[1A
[1A
[1A
[1A
[1A
[1A##########################################################                81.4%
[1A
[1A
[1A
[1A
[1A
[1A
[1A
[1A
[1A
[1A
[1A
[1A
[1A
[1A
[1A
[1A
[1A
[1A
[1A
[1A
[1A
[1A
[1A
[1A
[1A
[1A
[1A
[1A
[1A
[1A
[1A
[1A
[1A
[1A
[1A
[1A
[1A
[1A
[1A
[1A
[1A
[1A
[1A
[1A
[1A
[1A
[1A
[1A
[1A
[1A
[1A
[1A
[1A
[1A
[1A
[1A
[1A
[1A
[1A###########################################################               82.5%
[1A
[1A
[1A
[1A
[1A
[1A
[1A
[1A
[1A
[1A
[1A
[1A
[1A
[1A
[1A
[1A
[1A
[1A
[1A
[1A
[1A
[1A
[1A
[1A
[1A
[1A
[1A
[1A
[1A
[1A
[1A
[1A
[1A
[1A
[1A
[1A
[1A
[1A
[1A
[1A
[1A
[1A
[1A
[1A
[1A
[1A
[1A
[1A
[1A
[1A
[1A
[1A
[1A
[1A
[1A
[1A
[1A
[1A
[1A
[1A
[1A
[1A
[1A
[1A
[1A
[1A
[1A
[1A
[1A
[1A
[1A############################################################              83.4%
[1A
[1A
[1A
[1A
[1A
[1A
[1A
[1A
[1A
[1A
[1A
[1A
[1A
[1A
[1A
[1A
[1A
[1A
[1A
[1A
[1A
[1A
[1A
[1A
[1A
[1A
[1A
[1A
[1A
[1A
[1A
[1A
[1A
[1A
[1A
[1A
[1A
[1A
[1A
[1A
[1A
[1A
[1A
[1A
[1A
[1A
[1A
[1A
[1A
[1A
[1A
[1A
[1A
[1A
[1A
[1A
[1A
[1A
[1A
[1A
[1A
[1A
[1A
[1A
[1A############################################################              84.4%
[1A
[1A
[1A
[1A
[1A
[1A
[1A
[1A
[1A
[1A
[1A
[1A
[1A
[1A
[1A
[1A
[1A
[1A
[1A
[1A
[1A
[1A
[1A
[1A
[1A
[1A
[1A
[1A
[1A
[1A
[1A
[1A
[1A
[1A
[1A
[1A
[1A
[1A
[1A
[1A
[1A
[1A
[1A
[1A
[1A
[1A#############################################################             85.3%
[1A
[1A
[1A
[1A
[1A
[1A
[1A
[1A
[1A
[1A
[1A
[1A
[1A
[1A
[1A
[1A
[1A
[1A
[1A
[1A
[1A
[1A
[1A
[1A
[1A
[1A
[1A
[1A
[1A
[1A
[1A
[1A
[1A
[1A
[1A
[1A
[1A
[1A
[1A
[1A
[1A
[1A
[1A
[1A
[1A
[1A
[1A
[1A
[1A
[1A
[1A
[1A
[1A
[1A
[1A
[1A
[1A##############################################################            86.1%
[1A
[1A
[1A
[1A
[1A
[1A
[1A
[1A
[1A
[1A
[1A
[1A
[1A
[1A
[1A
[1A
[1A
[1A
[1A
[1A
[1A
[1A
[1A
[1A
[1A
[1A
[1A
[1A
[1A
[1A
[1A
[1A
[1A
[1A
[1A
[1A
[1A
[1A
[1A
[1A
[1A
[1A
[1A
[1A
[1A
[1A
[1A
[1A
[1A
[1A
[1A
[1A
[1A
[1A
[1A
[1A
[1A
[1A
[1A
[1A
[1A
[1A
[1A
[1A
[1A
[1A
[1A
[1A
[1A
[1A
[1A
[1A
[1A
[1A
[1A
[1A
[1A##############################################################            87.1%
[1A
[1A
[1A
[1A
[1A
[1A
[1A
[1A
[1A
[1A
[1A
[1A
[1A
[1A
[1A
[1A
[1A
[1A
[1A
[1A
[1A
[1A
[1A
[1A
[1A
[1A
[1A
[1A
[1A
[1A
[1A
[1A
[1A
[1A
[1A
[1A
[1A
[1A
[1A
[1A
[1A
[1A
[1A
[1A
[1A
[1A
[1A
[1A
[1A
[1A
[1A
[1A
[1A
[1A
[1A
[1A
[1A
[1A
[1A
[1A
[1A
[1A
[1A
[1A###############################################################           88.1%
[1A
[1A
[1A
[1A
[1A
[1A
[1A
[1A
[1A
[1A
[1A
[1A
[1A
[1A
[1A
[1A
[1A
[1A
[1A
[1A
[1A
[1A
[1A
[1A
[1A
[1A
[1A
[1A
[1A
[1A
[1A
[1A
[1A
[1A
[1A
[1A
[1A
[1A
[1A
[1A
[1A
[1A
[1A
[1A
[1A
[1A
[1A
[1A
[1A
[1A
[1A
[1A
[1A
[1A
[1A
[1A
[1A
[1A
[1A
[1A
[1A
[1A
[1A
[1A
[1A
[1A
[1A################################################################          89.2%
[1A
[1A
[1A
[1A
[1A
[1A
[1A
[1A
[1A
[1A
[1A
[1A
[1A
[1A
[1A
[1A
[1A
[1A
[1A
[1A
[1A
[1A
[1A
[1A
[1A
[1A
[1A
[1A
[1A
[1A
[1A
[1A
[1A
[1A
[1A
[1A
[1A
[1A
[1A
[1A
[1A
[1A
[1A
[1A
[1A
[1A
[1A
[1A
[1A
[1A
[1A
[1A
[1A
[1A
[1A
[1A
[1A
[1A
[1A
[1A
[1A
[1A
[1A
[1A
[1A#################################################################         90.3%
[1A
[1A
[1A
[1A
[1A
[1A
[1A
[1A
[1A
[1A
[1A
[1A
[1A
[1A
[1A
[1A
[1A
[1A
[1A
[1A
[1A
[1A
[1A
[1A
[1A
[1A
[1A
[1A
[1A
[1A
[1A
[1A
[1A
[1A
[1A
[1A
[1A
[1A
[1A
[1A
[1A
[1A
[1A
[1A
[1A
[1A
[1A
[1A
[1A
[1A
[1A
[1A
[1A
[1A
[1A
[1A
[1A
[1A#################################################################         90.4%
[1A
[1A
[1A
[1A
[1A
[1A
[1A
[1A
[1A
[1A
[1A
[1A
[1A
[1A
[1A
[1A
[1A
[1A
[1A
[1A
[1A
[1A
[1A
[1A
[1A
[1A
[1A
[1A
[1A
[1A
[1A
[1A
[1A
[1A
[1A
[1A
[1A
[1A
[1A
[1A
[1A
[1A
[1A
[1A
[1A
[1A
[1A
[1A
[1A
[1A
[1A
[1A
[1A
[1A
[1A
[1A
[1A
[1A
[1A
[1A
[1A
[1A
[1A
[1A
[1A
[1A
[1A
[1A#################################################################         91.5%
[1A
[1A
[1A
[1A
[1A
[1A
[1A
[1A
[1A
[1A
[1A
[1A
[1A
[1A
[1A
[1A
[1A
[1A
[1A
[1A
[1A
[1A
[1A
[1A
[1A
[1A
[1A
[1A
[1A
[1A
[1A
[1A
[1A
[1A
[1A
[1A
[1A
[1A
[1A
[1A
[1A
[1A
[1A
[1A
[1A
[1A
[1A
[1A
[1A
[1A
[1A
[1A
[1A
[1A
[1A
[1A
[1A
[1A
[1A
[1A
[1A
[1A
[1A
[1A##################################################################        92.6%
[1A
[1A
[1A
[1A
[1A
[1A
[1A
[1A
[1A
[1A
[1A
[1A
[1A
[1A
[1A
[1A
[1A
[1A
[1A
[1A
[1A
[1A
[1A
[1A
[1A
[1A
[1A
[1A
[1A
[1A
[1A
[1A
[1A
[1A
[1A
[1A
[1A
[1A
[1A
[1A
[1A
[1A
[1A
[1A
[1A
[1A
[1A
[1A
[1A
[1A
[1A
[1A
[1A
[1A
[1A
[1A
[1A
[1A
[1A
[1A###################################################################       93.7%
[1A
[1A
[1A
[1A
[1A
[1A
[1A
[1A
[1A
[1A
[1A
[1A
[1A
[1A
[1A
[1A
[1A
[1A
[1A
[1A
[1A
[1A
[1A
[1A
[1A
[1A
[1A
[1A
[1A
[1A
[1A
[1A
[1A
[1A
[1A
[1A
[1A
[1A
[1A
[1A
[1A
[1A
[1A
[1A
[1A
[1A
[1A
[1A
[1A
[1A
[1A
[1A
[1A
[1A
[1A
[1A
[1A
[1A
[1A
[1A
[1A
[1A
[1A####################################################################      94.7%
[1A
[1A
[1A
[1A
[1A
[1A
[1A
[1A
[1A
[1A
[1A
[1A
[1A
[1A
[1A
[1A
[1A
[1A
[1A
[1A
[1A
[1A
[1A
[1A
[1A
[1A
[1A
[1A
[1A
[1A
[1A
[1A
[1A
[1A
[1A
[1A
[1A
[1A
[1A
[1A
[1A
[1A
[1A
[1A
[1A
[1A
[1A
[1A
[1A
[1A
[1A
[1A
[1A
[1A
[1A
[1A
[1A
[1A
[1A
[1A
[1A
[1A
[1A
[1A
[1A
[1A
[1A
[1A
[1A
[1A
[1A
[1A####################################################################      95.7%
[1A
[1A
[1A
[1A
[1A
[1A
[1A
[1A
[1A
[1A
[1A
[1A
[1A
[1A
[1A
[1A
[1A
[1A
[1A
[1A
[1A
[1A
[1A
[1A
[1A
[1A
[1A
[1A
[1A
[1A
[1A
[1A
[1A
[1A
[1A
[1A
[1A
[1A
[1A
[1A
[1A
[1A
[1A
[1A
[1A
[1A
[1A
[1A
[1A
[1A
[1A
[1A
[1A
[1A
[1A
[1A
[1A
[1A
[1A
[1A
[1A#####################################################################     96.8%
[1A
[1A
[1A
[1A
[1A
[1A
[1A
[1A
[1A
[1A
[1A
[1A
[1A
[1A
[1A
[1A
[1A
[1A
[1A
[1A
[1A
[1A
[1A
[1A
[1A
[1A
[1A
[1A
[1A
[1A
[1A
[1A
[1A
[1A
[1A
[1A
[1A
[1A
[1A
[1A
[1A
[1A
[1A
[1A
[1A
[1A
[1A
[1A
[1A
[1A
[1A
[1A
[1A
[1A
[1A
[1A######################################################################    97.8%
[1A
[1A
[1A
[1A
[1A
[1A
[1A
[1A
[1A
[1A
[1A
[1A
[1A
[1A
[1A
[1A
[1A
[1A
[1A
[1A
[1A
[1A
[1A
[1A
[1A
[1A
[1A
[1A
[1A
[1A
[1A
[1A
[1A
[1A
[1A
[1A
[1A
[1A
[1A
[1A
[1A
[1A#######################################################################   98.9%
[1A
[1A
[1A
[1A
[1A
[1A
[1A
[1A
[1A
[1A
[1A
[1A
[1A
[1A
[1A
[1A
[1A
[1A
[1A
[1A
[1A
[1A
[1A
[1A
[1A
[1A
[1A
[1A
[1A
[1A
[1A
[1A
[1A
[1A
[1A
[1A
[1A
[1A
[1A
[1A
[1A
[1A
[1A
[1A
[1A
[1A
[1A
[1A
[1A
[1A
[1A
[1A
[1A
[1A
[1A
[1A
[1A
[1A
[1A
[1A
[1A#######################################################################   99.7%
[1A
[1A
[1A
[1A
[1A
[1A
[1A
[1A
[1A
[1A
[1A
[1A
[1A
[1A
[1A
[1A
[1A
[1A
[1A
[1A
[1A
[1A
[1A
[1A
[1A
[1A
[1A
[1A
[1A
[1A
[1A
[1A
[1A
[1A
[1A
[1A
[1A
[1A
[1A
[1A
[1A
[1A
[1A
[1A
[1A
[1A
[1A
[1A
[1A
[1A
[1A
[1A
[1A
[1A
[1A
[1A
[1A
[1A
[1A
[1A
[1A
[1A
[1A######################################################################## 100.0%
[1m[31mWARNING:(B[m Unable to detect NVIDIA/AMD GPU. Install lspci or lshw to automatically detect and install GPU dependencies.
>>> The Ollama API is now available at 127.0.0.1:11434.
>>> Install complete. Run "ollama" from the command line.

=> Step 2: RUN (ollama serve &) && sleep 8 && ollama pull qwen2.5-coder:1.5b && sleep 2
Couldn't find '/root/.ollama/id_ed25519'. Generating new private key.
Your new public key is: 

ssh-ed25519 AAAAC3NzaC1lZDI1NTE5AAAAICIofQi8KDGe2vsRvIr+JuqXDz0myEY2e2k1MmRTRfUG

time=2026-09-27T03:19:37.655Z level=INFO source=routes.go:2005 msg="server config" env="map[CUDA_VISIBLE_DEVICES: GGML_VK_VISIBLE_DEVICES: GPU_DEVICE_ORDINAL: HIP_VISIBLE_DEVICES: HSA_OVERRIDE_GFX_VERSION: HTTPS_PROXY: HTTP_PROXY: LLAMA_ARG_FIT: LLAMA_ARG_FIT_TARGET: NO_PROXY: OLLAMA_CONTEXT_LENGTH:0 OLLAMA_CREATE_REMOTE:false OLLAMA_DEBUG:INFO OLLAMA_DEBUG_LOG_REQUESTS:false OLLAMA_EDITOR: OLLAMA_FLASH_ATTENTION:false OLLAMA_GO_TEMPLATE:true OLLAMA_GPU_OVERHEAD:0 OLLAMA_HOST:http://127.0.0.1:11434 OLLAMA_IGPU_ENABLE: OLLAMA_KEEP_ALIVE:5m0s OLLAMA_KV_CACHE_TYPE: OLLAMA_LLM_LIBRARY: OLLAMA_LOAD_TIMEOUT:5m0s OLLAMA_MAX_LOADED_MODELS:0 OLLAMA_MAX_QUEUE:512 OLLAMA_MAX_TRANSFER_STREAMS:4 OLLAMA_MODELS:/root/.ollama/models OLLAMA_NOHISTORY:false OLLAMA_NOPRUNE:false OLLAMA_NO_CLOUD:false OLLAMA_NUM_PARALLEL:1 OLLAMA_ORIGINS:[http://localhost https://localhost http://localhost:* https://localhost:* http://127.0.0.1 https://127.0.0.1 http://127.0.0.1:* https://127.0.0.1:* http://0.0.0.0 https://0.0.0.0 http://0.0.0.0:* https://0.0.0.0:* app://* file://* tauri://* vscode-webview://* vscode-file://*] OLLAMA_REMOTES:[ollama.com] OLLAMA_SCHED_SPREAD:false OLLAMA_VULKAN:true ROCR_VISIBLE_DEVICES: http_proxy: https_proxy: no_proxy:]"
time=2026-09-27T03:19:37.657Z level=INFO source=routes.go:2007 msg="Ollama cloud disabled: false"
time=2026-09-27T03:19:37.658Z level=INFO source=images.go:922 msg="total blobs: 0"
time=2026-09-27T03:19:37.658Z level=INFO source=images.go:930 msg="total unused blobs removed: 0"
time=2026-09-27T03:19:37.659Z level=INFO source=routes.go:2065 msg="Listening on 127.0.0.1:11434 (version 0.34.4)"
time=2026-09-27T03:19:37.663Z level=INFO source=runner.go:60 msg="discovering available GPUs..."
time=2026-09-27T03:19:37.814Z level=INFO source=model_recommendations.go:177 msg="model recommendations cache sleep scheduled" wait=3h38m35.938957272s consecutive_failures=0
time=2026-09-27T03:19:37.952Z level=INFO source=types.go:50 msg="inference compute" id=cpu library=cpu compute="" name=cpu description=cpu libdirs=ollama driver="" pci_id="" type="" total="2717.1 GiB" available="2717.0 GiB"
time=2026-09-27T03:19:37.952Z level=INFO source=routes.go:2115 msg="vram-based default context" total_vram="0 B" default_num_ctx=4096
[GIN] 2026/09/27 - 03:19:45 | 200 |     223.032�s |       127.0.0.1 | HEAD     "/"
+- Error ---------------------------------------------------------------------+
| 'charmap' codec can't encode character '\u280b' in position 35: character   |
| maps to <undefined>                                                         |
+-----------------------------------------------------------------------------+
deploy exit 1
arm C deploy attempt 3 (utf-8 stdout) 2026-09-27T03:20:05Z
Building image im-qDVaHMYHk9Q32zYaN2yDPJ

=> Step 0: FROM base

=> Step 1: RUN curl -fsSL https://ollama.com/install.sh | sh
>>> Installing ollama to /usr/local
>>> Downloading ollama-linux-amd64.tar.zst
#=#=#                                                                         
[1A
[1A
[1A
[1A
[1A
[1A
[1A
[1A
[1A
[1A
[1A
[1A
[1A
[1A
[1A
[1A
[1A
[1A
[1A
[1A
[1A
[1A
[1A
[1A
[1A
[1A
[1A
[1A
[1A
[1A
[1A
[1A
[1A
[1A
[1A
[1A
[1A
[1A
[1A
[1A
[1A
[1A
[1A
[1A
[1A
[1A
[1A
[1A
[1A
[1A
[1A
[1A
[1A
[1A
[1A
[1A
[1A
[1A
[1A
[1A
[1A
[1A
[1A
[1A
[1A
[1A
[1A
[1A
[1A
[1A
[1A
[1A
[1A
[1A
[1A                                                                           0.0%
[1A
[1A
[1A
[1A
[1A
[1A
[1A
[1A
[1A
[1A
[1A
[1A
[1A
[1A
[1A
[1A
[1A
[1A
[1A
[1A
[1A
[1A
[1A
[1A
[1A
[1A
[1A
[1A
[1A
[1A
[1A
[1A
[1A
[1A
[1A
[1A
[1A
[1A
[1A
[1A
[1A
[1A
[1A
[1A
[1A
[1A
[1A
[1A
[1A
[1A
[1A
[1A
[1A
[1A
[1A
[1A                                                                           0.8%
[1A
[1A
[1A
[1A
[1A
[1A
[1A
[1A
[1A
[1A
[1A
[1A
[1A
[1A
[1A
[1A
[1A
[1A
[1A
[1A
[1A
[1A
[1A
[1A
[1A
[1A
[1A
[1A
[1A
[1A
[1A
[1A
[1A
[1A
[1A
[1A
[1A
[1A
[1A
[1A
[1A
[1A
[1A
[1A
[1A
[1A
[1A
[1A
[1A
[1A
[1A
[1A
[1A
[1A
[1A
[1A#                                                                          1.8%
[1A
[1A
[1A
[1A
[1A
[1A
[1A
[1A
[1A
[1A
[1A
[1A
[1A
[1A
[1A
[1A
[1A
[1A
[1A
[1A
[1A
[1A
[1A
[1A
[1A
[1A
[1A
[1A
[1A
[1A
[1A
[1A
[1A
[1A
[1A
[1A
[1A
[1A
[1A
[1A
[1A
[1A
[1A
[1A
[1A
[1A
[1A
[1A
[1A
[1A
[1A
[1A
[1A
[1A
[1A
[1A
[1A
[1A
[1A
[1A
[1A
[1A
[1A
[1A
[1A
[1A
[1A
[1A
[1A
[1A
[1A
[1A
[1A
[1A
[1A
[1A##                                                                         2.8%
[1A
[1A
[1A
[1A
[1A
[1A
[1A
[1A
[1A
[1A
[1A
[1A
[1A
[1A
[1A
[1A
[1A
[1A
[1A
[1A
[1A
[1A
[1A
[1A
[1A
[1A
[1A
[1A
[1A
[1A
[1A
[1A
[1A
[1A
[1A
[1A
[1A
[1A
[1A
[1A
[1A
[1A
[1A
[1A
[1A
[1A
[1A
[1A
[1A
[1A
[1A
[1A
[1A
[1A
[1A
[1A
[1A
[1A
[1A
[1A
[1A##                                                                         3.9%
[1A
[1A
[1A
[1A
[1A
[1A
[1A
[1A
[1A
[1A
[1A
[1A
[1A
[1A
[1A
[1A
[1A
[1A
[1A
[1A
[1A
[1A
[1A
[1A
[1A
[1A
[1A
[1A
[1A
[1A
[1A
[1A
[1A
[1A
[1A
[1A
[1A
[1A
[1A
[1A
[1A
[1A
[1A
[1A
[1A
[1A
[1A
[1A
[1A
[1A
[1A
[1A
[1A
[1A
[1A
[1A
[1A
[1A
[1A
[1A
[1A
[1A
[1A
[1A
[1A
[1A
[1A###                                                                        4.9%
[1A
[1A
[1A
[1A
[1A
[1A
[1A
[1A
[1A
[1A
[1A
[1A
[1A
[1A
[1A
[1A
[1A
[1A
[1A
[1A
[1A
[1A
[1A
[1A
[1A
[1A
[1A
[1A
[1A
[1A
[1A
[1A
[1A
[1A
[1A
[1A
[1A
[1A
[1A
[1A
[1A
[1A
[1A
[1A
[1A
[1A
[1A
[1A
[1A
[1A
[1A
[1A
[1A
[1A
[1A
[1A
[1A
[1A
[1A
[1A
[1A
[1A
[1A
[1A
[1A
[1A
[1A
[1A
[1A
[1A
[1A
[1A
[1A
[1A
[1A
[1A
[1A
[1A####                                                                       5.8%
[1A
[1A
[1A
[1A
[1A
[1A
[1A
[1A
[1A
[1A
[1A
[1A
[1A
[1A
[1A
[1A
[1A
[1A
[1A
[1A
[1A
[1A
[1A
[1A
[1A
[1A
[1A
[1A
[1A
[1A
[1A
[1A
[1A
[1A
[1A
[1A
[1A
[1A
[1A
[1A
[1A
[1A
[1A
[1A
[1A
[1A
[1A
[1A
[1A
[1A
[1A
[1A
[1A
[1A
[1A
[1A
[1A
[1A
[1A
[1A
[1A
[1A
[1A
[1A
[1A
[1A
[1A
[1A
[1A
[1A
[1A####                                                                       6.6%
[1A
[1A
[1A
[1A
[1A
[1A
[1A
[1A
[1A
[1A
[1A
[1A
[1A
[1A
[1A
[1A
[1A
[1A
[1A
[1A
[1A
[1A
[1A
[1A
[1A
[1A
[1A
[1A
[1A
[1A
[1A
[1A
[1A
[1A
[1A
[1A
[1A
[1A
[1A
[1A
[1A
[1A
[1A
[1A
[1A
[1A
[1A
[1A
[1A
[1A
[1A
[1A
[1A
[1A
[1A
[1A
[1A
[1A
[1A
[1A
[1A
[1A
[1A
[1A
[1A
[1A
[1A
[1A
[1A
[1A
[1A
[1A
[1A#####                                                                      7.1%
[1A
[1A
[1A
[1A
[1A
[1A
[1A
[1A
[1A
[1A
[1A
[1A
[1A
[1A
[1A
[1A
[1A
[1A
[1A
[1A
[1A
[1A
[1A
[1A
[1A
[1A
[1A
[1A
[1A
[1A
[1A
[1A
[1A
[1A
[1A
[1A
[1A
[1A
[1A
[1A
[1A
[1A
[1A
[1A
[1A
[1A
[1A
[1A
[1A
[1A
[1A
[1A
[1A
[1A
[1A
[1A
[1A
[1A
[1A
[1A
[1A
[1A
[1A#####                                                                      7.4%
[1A
[1A
[1A
[1A
[1A
[1A
[1A
[1A
[1A
[1A
[1A
[1A
[1A
[1A
[1A
[1A
[1A
[1A
[1A
[1A
[1A
[1A
[1A
[1A
[1A
[1A
[1A
[1A
[1A
[1A
[1A
[1A
[1A
[1A
[1A
[1A
[1A
[1A
[1A
[1A
[1A
[1A
[1A
[1A
[1A
[1A
[1A
[1A
[1A
[1A
[1A
[1A
[1A
[1A
[1A
[1A
[1A
[1A
[1A
[1A
[1A
[1A
[1A
[1A
[1A
[1A
[1A
[1A
[1A
[1A
[1A#####                                                                      7.8%
[1A
[1A
[1A
[1A
[1A
[1A
[1A
[1A
[1A
[1A
[1A
[1A
[1A
[1A
[1A
[1A
[1A
[1A
[1A
[1A
[1A
[1A
[1A
[1A
[1A
[1A
[1A
[1A
[1A
[1A
[1A
[1A
[1A
[1A
[1A
[1A
[1A
[1A
[1A
[1A
[1A
[1A
[1A
[1A
[1A
[1A
[1A
[1A
[1A
[1A
[1A
[1A
[1A
[1A
[1A
[1A
[1A######                                                                     8.4%
[1A
[1A
[1A
[1A
[1A
[1A
[1A
[1A
[1A
[1A
[1A
[1A
[1A
[1A
[1A
[1A
[1A
[1A
[1A
[1A
[1A
[1A
[1A
[1A
[1A
[1A
[1A
[1A
[1A
[1A
[1A
[1A
[1A
[1A
[1A
[1A
[1A
[1A
[1A
[1A
[1A
[1A
[1A
[1A
[1A
[1A
[1A
[1A
[1A
[1A
[1A
[1A
[1A
[1A
[1A
[1A
[1A
[1A
[1A
[1A
[1A
[1A
[1A
[1A
[1A
[1A
[1A
[1A
[1A
[1A######                                                                     9.1%
[1A
[1A
[1A
[1A
[1A
[1A
[1A
[1A
[1A
[1A
[1A
[1A
[1A
[1A
[1A
[1A
[1A
[1A
[1A
[1A
[1A
[1A
[1A
[1A
[1A
[1A
[1A
[1A
[1A
[1A
[1A
[1A
[1A
[1A
[1A
[1A
[1A
[1A
[1A
[1A
[1A
[1A
[1A
[1A
[1A
[1A
[1A
[1A
[1A
[1A
[1A
[1A
[1A
[1A
[1A
[1A
[1A
[1A
[1A
[1A
[1A
[1A
[1A
[1A
[1A
[1A
[1A
[1A#######                                                                    9.8%
[1A
[1A
[1A
[1A
[1A
[1A
[1A
[1A
[1A
[1A
[1A
[1A
[1A
[1A
[1A
[1A
[1A
[1A
[1A
[1A
[1A
[1A
[1A
[1A
[1A
[1A
[1A
[1A
[1A
[1A
[1A
[1A
[1A
[1A
[1A
[1A
[1A
[1A
[1A
[1A
[1A
[1A
[1A
[1A
[1A
[1A
[1A
[1A
[1A
[1A
[1A
[1A
[1A
[1A
[1A
[1A
[1A
[1A
[1A
[1A
[1A
[1A
[1A
[1A
[1A
[1A
[1A
[1A#######                                                                   10.9%
[1A
[1A
[1A
[1A
[1A
[1A
[1A
[1A
[1A
[1A
[1A
[1A
[1A
[1A
[1A
[1A
[1A
[1A
[1A
[1A
[1A
[1A
[1A
[1A
[1A
[1A
[1A
[1A
[1A
[1A
[1A
[1A
[1A
[1A
[1A
[1A
[1A
[1A
[1A
[1A
[1A
[1A
[1A
[1A
[1A
[1A
[1A
[1A
[1A
[1A
[1A
[1A
[1A
[1A
[1A
[1A
[1A
[1A
[1A
[1A
[1A
[1A
[1A
[1A
[1A
[1A
[1A
[1A
[1A
[1A
[1A
[1A
[1A########                                                                  11.9%
[1A
[1A
[1A
[1A
[1A
[1A
[1A
[1A
[1A
[1A
[1A
[1A
[1A
[1A
[1A
[1A
[1A
[1A
[1A
[1A
[1A
[1A
[1A
[1A
[1A
[1A
[1A
[1A
[1A
[1A
[1A
[1A
[1A
[1A
[1A
[1A
[1A
[1A
[1A
[1A
[1A
[1A
[1A
[1A
[1A
[1A
[1A
[1A
[1A
[1A
[1A
[1A
[1A
[1A
[1A
[1A
[1A
[1A
[1A
[1A
[1A
[1A
[1A
[1A
[1A
[1A
[1A
[1A
[1A
[1A
[1A#########                                                                 12.8%
[1A
[1A
[1A
[1A
[1A
[1A
[1A
[1A
[1A
[1A
[1A
[1A
[1A
[1A
[1A
[1A
[1A
[1A
[1A
[1A
[1A
[1A
[1A
[1A
[1A
[1A
[1A
[1A
[1A
[1A
[1A
[1A
[1A
[1A
[1A
[1A
[1A
[1A
[1A
[1A
[1A
[1A
[1A
[1A
[1A
[1A
[1A
[1A
[1A
[1A
[1A
[1A
[1A
[1A
[1A
[1A
[1A
[1A
[1A
[1A
[1A
[1A
[1A
[1A
[1A
[1A
[1A
[1A
[1A
[1A
[1A
[1A
[1A
[1A#########                                                                 13.7%
[1A
[1A
[1A
[1A
[1A
[1A
[1A
[1A
[1A
[1A
[1A
[1A
[1A
[1A
[1A
[1A
[1A
[1A
[1A
[1A
[1A
[1A
[1A
[1A
[1A
[1A
[1A
[1A
[1A
[1A
[1A
[1A
[1A
[1A
[1A
[1A
[1A
[1A
[1A
[1A
[1A
[1A
[1A
[1A
[1A
[1A
[1A
[1A
[1A
[1A
[1A
[1A
[1A
[1A
[1A
[1A
[1A
[1A
[1A
[1A
[1A
[1A
[1A
[1A
[1A
[1A
[1A
[1A
[1A
[1A
[1A
[1A##########                                                                14.7%
[1A
[1A
[1A
[1A
[1A
[1A
[1A
[1A
[1A
[1A
[1A
[1A
[1A
[1A
[1A
[1A
[1A
[1A
[1A
[1A
[1A
[1A
[1A
[1A
[1A
[1A
[1A
[1A
[1A
[1A
[1A
[1A
[1A
[1A
[1A
[1A
[1A
[1A
[1A
[1A
[1A
[1A
[1A
[1A
[1A
[1A
[1A
[1A
[1A
[1A
[1A
[1A
[1A
[1A
[1A
[1A
[1A
[1A
[1A
[1A
[1A
[1A
[1A
[1A
[1A
[1A
[1A###########                                                               15.6%
[1A
[1A
[1A
[1A
[1A
[1A
[1A
[1A
[1A
[1A
[1A
[1A
[1A
[1A
[1A
[1A
[1A
[1A
[1A
[1A
[1A
[1A
[1A
[1A
[1A
[1A
[1A
[1A
[1A
[1A
[1A
[1A
[1A
[1A
[1A
[1A
[1A
[1A
[1A
[1A
[1A
[1A
[1A
[1A
[1A
[1A
[1A
[1A
[1A
[1A
[1A
[1A
[1A
[1A
[1A
[1A
[1A
[1A
[1A
[1A
[1A
[1A
[1A
[1A
[1A
[1A
[1A
[1A
[1A
[1A
[1A###########                                                               16.5%
[1A
[1A
[1A
[1A
[1A
[1A
[1A
[1A
[1A
[1A
[1A
[1A
[1A
[1A
[1A
[1A
[1A
[1A
[1A
[1A
[1A
[1A
[1A
[1A
[1A
[1A
[1A
[1A
[1A
[1A
[1A
[1A
[1A
[1A
[1A
[1A
[1A
[1A
[1A
[1A
[1A
[1A
[1A
[1A
[1A
[1A
[1A
[1A
[1A
[1A
[1A
[1A
[1A
[1A
[1A
[1A
[1A
[1A
[1A
[1A
[1A
[1A
[1A
[1A
[1A
[1A
[1A
[1A
[1A
[1A
[1A
[1A
[1A
[1A
[1A
[1A############                                                              17.4%
[1A
[1A
[1A
[1A
[1A
[1A
[1A
[1A
[1A
[1A
[1A
[1A
[1A
[1A
[1A
[1A
[1A
[1A
[1A
[1A
[1A
[1A
[1A
[1A
[1A
[1A
[1A
[1A
[1A
[1A
[1A
[1A
[1A
[1A
[1A
[1A
[1A
[1A
[1A
[1A
[1A
[1A
[1A
[1A
[1A
[1A
[1A
[1A
[1A
[1A
[1A
[1A
[1A
[1A
[1A
[1A
[1A
[1A
[1A
[1A
[1A
[1A
[1A
[1A
[1A
[1A
[1A
[1A
[1A
[1A
[1A
[1A#############                                                             18.3%
[1A
[1A
[1A
[1A
[1A
[1A
[1A
[1A
[1A
[1A
[1A
[1A
[1A
[1A
[1A
[1A
[1A
[1A
[1A
[1A
[1A
[1A
[1A
[1A
[1A
[1A
[1A
[1A
[1A
[1A
[1A
[1A
[1A
[1A
[1A
[1A
[1A
[1A
[1A
[1A
[1A
[1A
[1A
[1A
[1A
[1A
[1A
[1A
[1A
[1A
[1A
[1A
[1A
[1A
[1A
[1A
[1A
[1A
[1A
[1A
[1A
[1A
[1A
[1A
[1A
[1A
[1A
[1A
[1A
[1A
[1A
[1A#############                                                             19.0%
[1A
[1A
[1A
[1A
[1A
[1A
[1A
[1A
[1A
[1A
[1A
[1A
[1A
[1A
[1A
[1A
[1A
[1A
[1A
[1A
[1A
[1A
[1A
[1A
[1A
[1A
[1A
[1A
[1A
[1A
[1A
[1A
[1A
[1A
[1A
[1A
[1A
[1A
[1A
[1A
[1A
[1A
[1A
[1A
[1A
[1A
[1A
[1A
[1A
[1A
[1A
[1A
[1A
[1A
[1A
[1A
[1A
[1A
[1A
[1A
[1A
[1A
[1A
[1A
[1A
[1A
[1A
[1A
[1A
[1A
[1A
[1A
[1A##############                                                            19.7%
[1A
[1A
[1A
[1A
[1A
[1A
[1A
[1A
[1A
[1A
[1A
[1A
[1A
[1A
[1A
[1A
[1A
[1A
[1A
[1A
[1A
[1A
[1A
[1A
[1A
[1A
[1A
[1A
[1A
[1A
[1A
[1A
[1A
[1A
[1A
[1A
[1A
[1A
[1A
[1A
[1A
[1A
[1A
[1A
[1A
[1A
[1A
[1A
[1A
[1A
[1A##############                                                            20.5%
[1A
[1A
[1A
[1A
[1A
[1A
[1A
[1A
[1A
[1A
[1A
[1A
[1A
[1A
[1A
[1A
[1A
[1A
[1A
[1A
[1A
[1A
[1A
[1A
[1A
[1A
[1A
[1A
[1A
[1A
[1A
[1A
[1A
[1A
[1A
[1A
[1A
[1A
[1A
[1A
[1A
[1A
[1A
[1A
[1A
[1A
[1A
[1A
[1A###############                                                           21.6%
[1A
[1A
[1A
[1A
[1A
[1A
[1A
[1A
[1A
[1A
[1A
[1A
[1A
[1A
[1A
[1A
[1A
[1A
[1A
[1A
[1A
[1A
[1A
[1A
[1A
[1A
[1A
[1A
[1A
[1A
[1A
[1A
[1A
[1A
[1A
[1A
[1A
[1A
[1A
[1A
[1A
[1A
[1A
[1A
[1A
[1A
[1A
[1A
[1A
[1A
[1A
[1A
[1A
[1A
[1A
[1A
[1A################                                                          22.7%
[1A
[1A
[1A
[1A
[1A
[1A
[1A
[1A
[1A
[1A
[1A
[1A
[1A
[1A
[1A
[1A
[1A
[1A
[1A
[1A
[1A
[1A
[1A
[1A
[1A
[1A
[1A
[1A
[1A
[1A
[1A
[1A
[1A
[1A
[1A
[1A
[1A
[1A
[1A
[1A
[1A
[1A
[1A
[1A
[1A
[1A
[1A
[1A
[1A
[1A
[1A
[1A
[1A
[1A
[1A
[1A
[1A
[1A
[1A
[1A
[1A
[1A
[1A
[1A
[1A
[1A
[1A
[1A
[1A
[1A
[1A
[1A
[1A
[1A
[1A
[1A
[1A
[1A#################                                                         23.7%
[1A
[1A
[1A
[1A
[1A
[1A
[1A
[1A
[1A
[1A
[1A
[1A
[1A
[1A
[1A
[1A
[1A
[1A
[1A
[1A
[1A
[1A
[1A
[1A
[1A
[1A
[1A
[1A
[1A
[1A
[1A
[1A
[1A
[1A
[1A
[1A
[1A
[1A
[1A
[1A
[1A
[1A
[1A
[1A
[1A
[1A
[1A
[1A
[1A
[1A
[1A
[1A
[1A
[1A
[1A
[1A
[1A
[1A
[1A
[1A
[1A
[1A
[1A
[1A
[1A
[1A
[1A
[1A#################                                                         24.5%
[1A
[1A
[1A
[1A
[1A
[1A
[1A
[1A
[1A
[1A
[1A
[1A
[1A
[1A
[1A
[1A
[1A
[1A
[1A
[1A
[1A
[1A
[1A
[1A
[1A
[1A
[1A
[1A
[1A
[1A
[1A
[1A
[1A
[1A
[1A
[1A
[1A
[1A
[1A
[1A
[1A
[1A
[1A
[1A
[1A
[1A
[1A
[1A
[1A
[1A
[1A
[1A
[1A
[1A
[1A
[1A
[1A
[1A
[1A
[1A
[1A
[1A
[1A
[1A
[1A
[1A
[1A
[1A
[1A
[1A
[1A
[1A
[1A
[1A
[1A##################                                                        25.3%
[1A
[1A
[1A
[1A
[1A
[1A
[1A
[1A
[1A
[1A
[1A
[1A
[1A
[1A
[1A
[1A
[1A
[1A
[1A
[1A
[1A
[1A
[1A
[1A
[1A
[1A
[1A
[1A
[1A
[1A
[1A
[1A
[1A
[1A
[1A
[1A
[1A
[1A
[1A
[1A
[1A
[1A
[1A
[1A
[1A
[1A
[1A
[1A
[1A
[1A
[1A
[1A
[1A
[1A
[1A
[1A
[1A
[1A
[1A
[1A
[1A
[1A
[1A
[1A
[1A
[1A
[1A
[1A
[1A
[1A##################                                                        26.0%
[1A
[1A
[1A
[1A
[1A
[1A
[1A
[1A
[1A
[1A
[1A
[1A
[1A
[1A
[1A
[1A
[1A
[1A
[1A
[1A
[1A
[1A
[1A
[1A
[1A
[1A
[1A
[1A
[1A
[1A
[1A
[1A
[1A
[1A
[1A
[1A
[1A
[1A
[1A
[1A
[1A
[1A###################                                                       26.9%
[1A
[1A
[1A
[1A
[1A
[1A
[1A
[1A
[1A
[1A
[1A
[1A
[1A
[1A
[1A
[1A
[1A
[1A
[1A
[1A
[1A
[1A
[1A
[1A
[1A
[1A
[1A
[1A
[1A
[1A
[1A
[1A
[1A
[1A
[1A
[1A
[1A
[1A
[1A
[1A
[1A
[1A
[1A
[1A
[1A
[1A
[1A
[1A
[1A
[1A
[1A
[1A
[1A
[1A
[1A
[1A
[1A
[1A
[1A
[1A
[1A
[1A
[1A
[1A
[1A
[1A
[1A
[1A
[1A
[1A
[1A
[1A
[1A
[1A####################                                                      27.9%
[1A
[1A
[1A
[1A
[1A
[1A
[1A
[1A
[1A
[1A
[1A
[1A
[1A
[1A
[1A
[1A
[1A
[1A
[1A
[1A
[1A
[1A
[1A
[1A
[1A
[1A
[1A
[1A
[1A
[1A
[1A
[1A
[1A
[1A
[1A
[1A
[1A
[1A
[1A
[1A
[1A
[1A
[1A
[1A
[1A
[1A
[1A
[1A
[1A
[1A
[1A
[1A
[1A
[1A
[1A
[1A####################                                                      28.8%
[1A
[1A
[1A
[1A
[1A
[1A
[1A
[1A
[1A
[1A
[1A
[1A
[1A
[1A
[1A
[1A
[1A
[1A
[1A
[1A
[1A
[1A
[1A
[1A
[1A
[1A
[1A
[1A
[1A
[1A
[1A
[1A
[1A
[1A
[1A
[1A
[1A
[1A
[1A
[1A
[1A
[1A
[1A
[1A
[1A
[1A
[1A
[1A
[1A
[1A
[1A
[1A
[1A
[1A
[1A
[1A
[1A
[1A
[1A
[1A
[1A
[1A
[1A
[1A
[1A
[1A
[1A
[1A
[1A
[1A
[1A#####################                                                     29.8%
[1A
[1A
[1A
[1A
[1A
[1A
[1A
[1A
[1A
[1A
[1A
[1A
[1A
[1A
[1A
[1A
[1A
[1A
[1A
[1A
[1A
[1A
[1A
[1A
[1A
[1A
[1A
[1A
[1A
[1A
[1A
[1A
[1A
[1A
[1A
[1A
[1A
[1A
[1A
[1A
[1A
[1A
[1A
[1A
[1A
[1A
[1A
[1A
[1A
[1A
[1A
[1A
[1A
[1A
[1A
[1A
[1A
[1A
[1A
[1A
[1A
[1A
[1A
[1A#####################                                                     30.6%
[1A
[1A
[1A
[1A
[1A
[1A
[1A
[1A
[1A
[1A
[1A
[1A
[1A
[1A
[1A
[1A
[1A
[1A
[1A
[1A
[1A
[1A
[1A
[1A
[1A
[1A
[1A
[1A
[1A
[1A
[1A
[1A
[1A
[1A
[1A
[1A
[1A
[1A
[1A
[1A
[1A
[1A
[1A
[1A
[1A
[1A
[1A
[1A
[1A
[1A
[1A
[1A
[1A
[1A
[1A
[1A
[1A######################                                                    31.0%
[1A
[1A
[1A
[1A
[1A
[1A
[1A
[1A
[1A
[1A
[1A
[1A
[1A
[1A
[1A
[1A
[1A
[1A
[1A
[1A
[1A
[1A
[1A
[1A
[1A
[1A
[1A
[1A
[1A
[1A
[1A
[1A
[1A
[1A
[1A
[1A
[1A
[1A
[1A
[1A
[1A
[1A
[1A
[1A
[1A
[1A
[1A
[1A
[1A
[1A
[1A#######################                                                   32.1%
[1A
[1A
[1A
[1A
[1A
[1A
[1A
[1A
[1A
[1A
[1A
[1A
[1A
[1A
[1A
[1A
[1A
[1A
[1A
[1A
[1A
[1A
[1A
[1A
[1A
[1A
[1A
[1A
[1A
[1A
[1A
[1A
[1A
[1A
[1A
[1A
[1A
[1A
[1A
[1A
[1A
[1A
[1A
[1A
[1A
[1A
[1A
[1A
[1A
[1A
[1A
[1A
[1A
[1A
[1A
[1A
[1A
[1A
[1A
[1A
[1A
[1A
[1A
[1A
[1A
[1A
[1A
[1A
[1A
[1A
[1A
[1A
[1A
[1A
[1A
[1A
[1A
[1A
[1A#######################                                                   33.1%
[1A
[1A
[1A
[1A
[1A
[1A
[1A
[1A
[1A
[1A
[1A
[1A
[1A
[1A
[1A
[1A
[1A
[1A
[1A
[1A
[1A
[1A
[1A
[1A
[1A
[1A
[1A
[1A
[1A
[1A
[1A
[1A
[1A
[1A
[1A
[1A
[1A
[1A
[1A
[1A
[1A
[1A
[1A
[1A
[1A
[1A
[1A
[1A
[1A
[1A
[1A
[1A
[1A
[1A
[1A
[1A
[1A########################                                                  34.1%
[1A
[1A
[1A
[1A
[1A
[1A
[1A
[1A
[1A
[1A
[1A
[1A
[1A
[1A
[1A
[1A
[1A
[1A
[1A
[1A
[1A
[1A
[1A
[1A
[1A
[1A
[1A
[1A
[1A
[1A
[1A
[1A
[1A
[1A
[1A
[1A
[1A
[1A
[1A
[1A
[1A
[1A
[1A
[1A
[1A
[1A
[1A
[1A
[1A
[1A
[1A
[1A
[1A
[1A
[1A
[1A#########################                                                 35.2%
[1A
[1A
[1A
[1A
[1A
[1A
[1A
[1A
[1A
[1A
[1A
[1A
[1A
[1A
[1A
[1A
[1A
[1A
[1A
[1A
[1A
[1A
[1A
[1A
[1A
[1A
[1A
[1A
[1A
[1A
[1A
[1A
[1A
[1A
[1A
[1A
[1A
[1A
[1A
[1A
[1A
[1A
[1A
[1A
[1A
[1A
[1A
[1A
[1A
[1A
[1A
[1A
[1A
[1A
[1A
[1A
[1A
[1A
[1A
[1A
[1A
[1A
[1A
[1A
[1A
[1A
[1A
[1A
[1A
[1A
[1A
[1A
[1A
[1A##########################                                                36.3%
[1A
[1A
[1A
[1A
[1A
[1A
[1A
[1A
[1A
[1A
[1A
[1A
[1A
[1A
[1A
[1A
[1A
[1A
[1A
[1A
[1A
[1A
[1A
[1A
[1A
[1A
[1A
[1A
[1A
[1A
[1A
[1A
[1A
[1A
[1A
[1A
[1A
[1A
[1A
[1A
[1A
[1A
[1A
[1A
[1A
[1A
[1A
[1A
[1A
[1A
[1A
[1A
[1A
[1A
[1A
[1A
[1A
[1A
[1A
[1A
[1A
[1A
[1A
[1A
[1A
[1A
[1A
[1A
[1A
[1A
[1A
[1A
[1A##########################                                                37.2%
[1A
[1A
[1A
[1A
[1A
[1A
[1A
[1A
[1A
[1A
[1A
[1A
[1A
[1A
[1A
[1A
[1A
[1A
[1A
[1A
[1A
[1A
[1A
[1A
[1A
[1A
[1A
[1A
[1A
[1A
[1A
[1A
[1A
[1A
[1A
[1A
[1A
[1A
[1A
[1A
[1A
[1A
[1A
[1A
[1A
[1A
[1A
[1A
[1A
[1A
[1A
[1A
[1A
[1A
[1A
[1A
[1A
[1A
[1A
[1A
[1A
[1A
[1A
[1A
[1A
[1A
[1A
[1A
[1A
[1A###########################                                               38.2%
[1A
[1A
[1A
[1A
[1A
[1A
[1A
[1A
[1A
[1A
[1A
[1A
[1A
[1A
[1A
[1A
[1A
[1A
[1A
[1A
[1A
[1A
[1A
[1A
[1A
[1A
[1A
[1A
[1A
[1A
[1A
[1A
[1A
[1A
[1A
[1A
[1A
[1A
[1A
[1A
[1A
[1A
[1A
[1A
[1A
[1A
[1A
[1A############################                                              39.2%
[1A
[1A
[1A
[1A
[1A
[1A
[1A
[1A
[1A
[1A
[1A
[1A
[1A
[1A
[1A
[1A
[1A
[1A
[1A
[1A
[1A
[1A
[1A
[1A
[1A
[1A
[1A
[1A
[1A
[1A
[1A
[1A
[1A
[1A
[1A
[1A
[1A
[1A
[1A
[1A
[1A
[1A
[1A
[1A
[1A
[1A
[1A
[1A
[1A
[1A
[1A
[1A
[1A
[1A
[1A
[1A
[1A
[1A
[1A
[1A
[1A
[1A
[1A
[1A
[1A
[1A
[1A
[1A############################                                              40.1%
[1A
[1A
[1A
[1A
[1A
[1A
[1A
[1A
[1A
[1A
[1A
[1A
[1A
[1A
[1A
[1A
[1A
[1A
[1A
[1A
[1A
[1A
[1A
[1A
[1A
[1A
[1A
[1A
[1A
[1A
[1A
[1A
[1A
[1A
[1A
[1A
[1A
[1A
[1A
[1A
[1A
[1A
[1A
[1A
[1A
[1A
[1A
[1A
[1A
[1A
[1A
[1A
[1A
[1A
[1A
[1A
[1A
[1A
[1A
[1A
[1A
[1A
[1A
[1A
[1A
[1A
[1A
[1A
[1A
[1A
[1A
[1A
[1A
[1A
[1A#############################                                             41.0%
[1A
[1A
[1A
[1A
[1A
[1A
[1A
[1A
[1A
[1A
[1A
[1A
[1A
[1A
[1A
[1A
[1A
[1A
[1A
[1A
[1A
[1A
[1A
[1A
[1A
[1A
[1A
[1A
[1A
[1A
[1A
[1A
[1A
[1A
[1A
[1A
[1A
[1A
[1A
[1A
[1A
[1A
[1A
[1A
[1A
[1A
[1A
[1A
[1A
[1A
[1A
[1A
[1A
[1A
[1A##############################                                            42.0%
[1A
[1A
[1A
[1A
[1A
[1A
[1A
[1A
[1A
[1A
[1A
[1A
[1A
[1A
[1A
[1A
[1A
[1A
[1A
[1A
[1A
[1A
[1A
[1A
[1A
[1A
[1A
[1A
[1A
[1A
[1A
[1A
[1A
[1A
[1A
[1A
[1A
[1A
[1A
[1A
[1A
[1A
[1A
[1A
[1A
[1A
[1A
[1A
[1A
[1A
[1A
[1A
[1A
[1A
[1A
[1A
[1A
[1A
[1A
[1A
[1A
[1A
[1A
[1A
[1A
[1A
[1A
[1A
[1A
[1A
[1A
[1A
[1A
[1A
[1A
[1A##############################                                            42.9%
[1A
[1A
[1A
[1A
[1A
[1A
[1A
[1A
[1A
[1A
[1A
[1A
[1A
[1A
[1A
[1A
[1A
[1A
[1A
[1A
[1A
[1A
[1A
[1A
[1A
[1A
[1A
[1A
[1A
[1A
[1A
[1A
[1A
[1A
[1A
[1A
[1A
[1A
[1A
[1A
[1A
[1A
[1A
[1A
[1A
[1A
[1A
[1A
[1A
[1A
[1A
[1A
[1A
[1A
[1A
[1A
[1A
[1A
[1A
[1A
[1A
[1A
[1A
[1A
[1A
[1A
[1A
[1A###############################                                           43.9%
[1A
[1A
[1A
[1A
[1A
[1A
[1A
[1A
[1A
[1A
[1A
[1A
[1A
[1A
[1A
[1A
[1A
[1A
[1A
[1A
[1A
[1A
[1A
[1A
[1A
[1A
[1A
[1A
[1A
[1A
[1A
[1A
[1A
[1A
[1A
[1A
[1A
[1A
[1A
[1A
[1A
[1A
[1A
[1A
[1A
[1A
[1A
[1A
[1A
[1A
[1A
[1A
[1A
[1A
[1A
[1A
[1A
[1A
[1A
[1A
[1A
[1A
[1A
[1A
[1A
[1A
[1A
[1A
[1A
[1A
[1A
[1A
[1A
[1A
[1A
[1A
[1A
[1A
[1A################################                                          44.9%
[1A
[1A
[1A
[1A
[1A
[1A
[1A
[1A
[1A
[1A
[1A
[1A
[1A
[1A
[1A
[1A
[1A
[1A
[1A
[1A
[1A
[1A
[1A
[1A
[1A
[1A
[1A
[1A
[1A
[1A
[1A
[1A
[1A
[1A
[1A
[1A
[1A
[1A
[1A
[1A
[1A
[1A
[1A
[1A
[1A
[1A
[1A
[1A
[1A
[1A
[1A
[1A
[1A
[1A
[1A
[1A#################################                                         46.0%
[1A
[1A
[1A
[1A
[1A
[1A
[1A
[1A
[1A
[1A
[1A
[1A
[1A
[1A
[1A
[1A
[1A
[1A
[1A
[1A
[1A
[1A
[1A
[1A
[1A
[1A
[1A
[1A
[1A
[1A
[1A
[1A
[1A
[1A
[1A
[1A
[1A
[1A
[1A
[1A
[1A
[1A
[1A
[1A
[1A
[1A
[1A
[1A
[1A
[1A
[1A
[1A
[1A
[1A
[1A
[1A
[1A
[1A
[1A
[1A
[1A
[1A
[1A
[1A
[1A
[1A
[1A
[1A
[1A
[1A
[1A
[1A#################################                                         47.0%
[1A
[1A
[1A
[1A
[1A
[1A
[1A
[1A
[1A
[1A
[1A
[1A
[1A
[1A
[1A
[1A
[1A
[1A
[1A
[1A
[1A
[1A
[1A
[1A
[1A
[1A
[1A
[1A
[1A
[1A
[1A
[1A
[1A
[1A
[1A
[1A
[1A
[1A
[1A
[1A
[1A
[1A
[1A
[1A
[1A
[1A
[1A
[1A
[1A
[1A
[1A
[1A
[1A
[1A
[1A
[1A
[1A
[1A
[1A
[1A
[1A
[1A
[1A
[1A
[1A
[1A
[1A
[1A##################################                                        48.1%
[1A
[1A
[1A
[1A
[1A
[1A
[1A
[1A
[1A
[1A
[1A
[1A
[1A
[1A
[1A
[1A
[1A
[1A
[1A
[1A
[1A
[1A
[1A
[1A
[1A
[1A
[1A
[1A
[1A
[1A
[1A
[1A
[1A
[1A
[1A
[1A
[1A
[1A
[1A
[1A
[1A
[1A
[1A
[1A
[1A
[1A
[1A
[1A
[1A
[1A
[1A
[1A
[1A
[1A
[1A
[1A
[1A
[1A
[1A
[1A
[1A
[1A
[1A
[1A
[1A
[1A
[1A
[1A###################################                                       49.1%
[1A
[1A
[1A
[1A
[1A
[1A
[1A
[1A
[1A
[1A
[1A
[1A
[1A
[1A
[1A
[1A
[1A
[1A
[1A
[1A
[1A
[1A
[1A
[1A
[1A
[1A
[1A
[1A
[1A
[1A
[1A
[1A
[1A
[1A
[1A
[1A
[1A
[1A
[1A
[1A
[1A
[1A
[1A
[1A
[1A
[1A
[1A
[1A
[1A
[1A
[1A
[1A
[1A
[1A
[1A
[1A
[1A
[1A
[1A
[1A
[1A
[1A
[1A
[1A
[1A
[1A
[1A
[1A
[1A
[1A
[1A
[1A
[1A####################################                                      50.1%
[1A
[1A
[1A
[1A
[1A
[1A
[1A
[1A
[1A
[1A
[1A
[1A
[1A
[1A
[1A
[1A
[1A
[1A
[1A
[1A
[1A
[1A
[1A
[1A
[1A
[1A
[1A
[1A
[1A
[1A
[1A
[1A
[1A
[1A
[1A
[1A
[1A
[1A
[1A
[1A
[1A
[1A
[1A
[1A
[1A
[1A
[1A
[1A
[1A
[1A
[1A
[1A
[1A
[1A
[1A
[1A
[1A
[1A
[1A
[1A####################################                                      51.0%
[1A
[1A
[1A
[1A
[1A
[1A
[1A
[1A
[1A
[1A
[1A
[1A
[1A
[1A
[1A
[1A
[1A
[1A
[1A
[1A
[1A
[1A
[1A
[1A
[1A
[1A
[1A
[1A
[1A
[1A
[1A
[1A
[1A
[1A
[1A#####################################                                     51.9%
[1A
[1A
[1A
[1A
[1A
[1A
[1A
[1A
[1A
[1A
[1A
[1A
[1A
[1A
[1A
[1A
[1A
[1A
[1A
[1A
[1A
[1A
[1A
[1A
[1A
[1A
[1A
[1A
[1A
[1A
[1A
[1A
[1A
[1A
[1A######################################                                    52.8%
[1A
[1A
[1A
[1A
[1A
[1A
[1A
[1A
[1A
[1A
[1A
[1A
[1A
[1A
[1A
[1A
[1A
[1A
[1A
[1A
[1A
[1A
[1A
[1A
[1A
[1A
[1A
[1A
[1A
[1A
[1A
[1A
[1A
[1A
[1A
[1A
[1A
[1A
[1A
[1A
[1A
[1A
[1A
[1A
[1A
[1A
[1A
[1A
[1A
[1A
[1A
[1A
[1A
[1A
[1A
[1A
[1A
[1A
[1A
[1A######################################                                    53.7%
[1A
[1A
[1A
[1A
[1A
[1A
[1A
[1A
[1A
[1A
[1A
[1A
[1A
[1A
[1A
[1A
[1A
[1A
[1A
[1A
[1A
[1A
[1A
[1A
[1A
[1A
[1A
[1A
[1A
[1A
[1A
[1A
[1A
[1A
[1A
[1A
[1A
[1A
[1A
[1A#######################################                                   54.6%
[1A
[1A
[1A
[1A
[1A
[1A
[1A
[1A
[1A
[1A
[1A
[1A
[1A
[1A
[1A
[1A
[1A
[1A
[1A
[1A
[1A
[1A
[1A
[1A
[1A
[1A
[1A
[1A
[1A
[1A
[1A
[1A
[1A
[1A
[1A
[1A
[1A
[1A
[1A
[1A
[1A
[1A
[1A
[1A
[1A
[1A
[1A
[1A
[1A
[1A
[1A
[1A#######################################                                   55.4%
[1A
[1A
[1A
[1A
[1A
[1A
[1A
[1A
[1A
[1A
[1A
[1A
[1A
[1A
[1A
[1A
[1A
[1A
[1A
[1A
[1A
[1A
[1A
[1A
[1A
[1A
[1A
[1A
[1A
[1A
[1A
[1A
[1A
[1A
[1A
[1A
[1A
[1A
[1A
[1A
[1A
[1A
[1A
[1A
[1A
[1A
[1A
[1A
[1A
[1A
[1A
[1A
[1A
[1A
[1A########################################                                  56.2%
[1A
[1A
[1A
[1A
[1A
[1A
[1A
[1A
[1A
[1A
[1A
[1A
[1A
[1A
[1A
[1A
[1A
[1A
[1A
[1A
[1A
[1A
[1A
[1A
[1A
[1A
[1A
[1A
[1A
[1A
[1A
[1A
[1A
[1A
[1A
[1A
[1A
[1A
[1A
[1A
[1A
[1A
[1A
[1A
[1A
[1A
[1A
[1A
[1A
[1A
[1A
[1A
[1A
[1A
[1A
[1A
[1A
[1A
[1A
[1A
[1A
[1A
[1A
[1A
[1A
[1A
[1A
[1A
[1A#########################################                                 57.0%
[1A
[1A
[1A
[1A
[1A
[1A
[1A
[1A
[1A
[1A
[1A
[1A
[1A
[1A
[1A
[1A
[1A
[1A
[1A
[1A
[1A
[1A
[1A
[1A
[1A
[1A
[1A
[1A
[1A
[1A
[1A
[1A
[1A
[1A
[1A
[1A
[1A
[1A
[1A
[1A
[1A
[1A
[1A
[1A
[1A
[1A
[1A
[1A
[1A
[1A
[1A
[1A
[1A
[1A
[1A
[1A
[1A
[1A
[1A
[1A
[1A
[1A
[1A
[1A
[1A
[1A
[1A
[1A
[1A
[1A
[1A
[1A
[1A
[1A
[1A
[1A
[1A
[1A#########################################                                 57.9%
[1A
[1A
[1A
[1A
[1A
[1A
[1A
[1A
[1A
[1A
[1A
[1A
[1A
[1A
[1A
[1A
[1A
[1A
[1A
[1A
[1A
[1A
[1A
[1A
[1A
[1A
[1A
[1A
[1A
[1A
[1A
[1A
[1A
[1A
[1A
[1A
[1A
[1A
[1A
[1A
[1A
[1A
[1A
[1A
[1A
[1A
[1A
[1A
[1A
[1A
[1A
[1A
[1A
[1A
[1A
[1A
[1A
[1A
[1A
[1A
[1A
[1A
[1A
[1A##########################################                                58.6%
[1A
[1A
[1A
[1A
[1A
[1A
[1A
[1A
[1A
[1A
[1A
[1A
[1A
[1A
[1A
[1A
[1A
[1A
[1A
[1A
[1A
[1A
[1A
[1A
[1A
[1A
[1A
[1A
[1A
[1A
[1A
[1A
[1A
[1A
[1A
[1A
[1A
[1A
[1A
[1A
[1A
[1A
[1A
[1A
[1A
[1A
[1A
[1A
[1A
[1A
[1A
[1A
[1A
[1A
[1A
[1A
[1A
[1A
[1A
[1A
[1A
[1A
[1A
[1A##########################################                                58.9%
[1A
[1A
[1A
[1A
[1A
[1A
[1A
[1A
[1A
[1A
[1A
[1A
[1A
[1A
[1A
[1A
[1A
[1A
[1A
[1A
[1A
[1A
[1A
[1A
[1A
[1A
[1A
[1A
[1A
[1A
[1A
[1A
[1A
[1A
[1A
[1A
[1A
[1A
[1A
[1A
[1A
[1A
[1A
[1A
[1A
[1A
[1A
[1A
[1A
[1A
[1A
[1A
[1A
[1A
[1A
[1A
[1A
[1A
[1A
[1A
[1A
[1A
[1A
[1A###########################################                               59.8%
[1A
[1A
[1A
[1A
[1A
[1A
[1A
[1A
[1A
[1A
[1A
[1A
[1A
[1A
[1A
[1A
[1A
[1A
[1A
[1A
[1A
[1A
[1A
[1A
[1A
[1A
[1A
[1A
[1A
[1A
[1A
[1A
[1A
[1A
[1A
[1A
[1A
[1A
[1A
[1A
[1A
[1A
[1A
[1A
[1A###########################################                               60.7%
[1A
[1A
[1A
[1A
[1A
[1A
[1A
[1A
[1A
[1A
[1A
[1A
[1A
[1A
[1A
[1A
[1A
[1A
[1A
[1A
[1A
[1A
[1A
[1A
[1A
[1A
[1A
[1A
[1A
[1A
[1A
[1A
[1A
[1A
[1A
[1A
[1A
[1A
[1A
[1A
[1A
[1A
[1A
[1A
[1A
[1A
[1A
[1A
[1A
[1A
[1A
[1A
[1A
[1A
[1A
[1A
[1A
[1A
[1A
[1A
[1A
[1A
[1A
[1A############################################                              61.5%
[1A
[1A
[1A
[1A
[1A
[1A
[1A
[1A
[1A
[1A
[1A
[1A
[1A
[1A
[1A
[1A
[1A
[1A
[1A
[1A
[1A
[1A
[1A
[1A
[1A
[1A
[1A
[1A
[1A
[1A
[1A
[1A
[1A
[1A
[1A
[1A
[1A
[1A
[1A
[1A
[1A
[1A
[1A
[1A
[1A
[1A
[1A
[1A
[1A
[1A
[1A
[1A
[1A
[1A
[1A
[1A
[1A
[1A
[1A
[1A
[1A
[1A
[1A
[1A
[1A
[1A
[1A
[1A
[1A
[1A
[1A
[1A
[1A
[1A
[1A
[1A
[1A############################################                              62.4%
[1A
[1A
[1A
[1A
[1A
[1A
[1A
[1A
[1A
[1A
[1A
[1A
[1A
[1A
[1A
[1A
[1A
[1A
[1A
[1A
[1A
[1A
[1A
[1A
[1A
[1A
[1A
[1A
[1A
[1A
[1A
[1A
[1A
[1A
[1A
[1A
[1A
[1A
[1A
[1A
[1A
[1A
[1A
[1A
[1A
[1A#############################################                             63.3%
[1A
[1A
[1A
[1A
[1A
[1A
[1A
[1A
[1A
[1A
[1A
[1A
[1A
[1A
[1A
[1A
[1A
[1A
[1A
[1A
[1A
[1A
[1A
[1A
[1A
[1A
[1A
[1A
[1A
[1A
[1A
[1A
[1A
[1A
[1A
[1A
[1A
[1A
[1A
[1A
[1A
[1A
[1A
[1A
[1A
[1A
[1A
[1A
[1A
[1A
[1A
[1A
[1A
[1A
[1A
[1A
[1A
[1A
[1A
[1A
[1A
[1A
[1A
[1A
[1A
[1A
[1A
[1A
[1A
[1A
[1A
[1A
[1A
[1A
[1A
[1A
[1A##############################################                            64.2%
[1A
[1A
[1A
[1A
[1A
[1A
[1A
[1A
[1A
[1A
[1A
[1A
[1A
[1A
[1A
[1A
[1A
[1A
[1A
[1A
[1A
[1A
[1A
[1A
[1A
[1A
[1A
[1A
[1A
[1A
[1A
[1A
[1A
[1A
[1A
[1A
[1A
[1A
[1A
[1A
[1A
[1A
[1A
[1A
[1A
[1A
[1A
[1A
[1A
[1A
[1A
[1A
[1A
[1A
[1A
[1A
[1A
[1A
[1A
[1A
[1A
[1A
[1A
[1A
[1A
[1A
[1A
[1A
[1A
[1A
[1A
[1A
[1A
[1A
[1A
[1A
[1A
[1A
[1A##############################################                            65.1%
[1A
[1A
[1A
[1A
[1A
[1A
[1A
[1A
[1A
[1A
[1A
[1A
[1A
[1A
[1A
[1A
[1A
[1A
[1A
[1A
[1A
[1A
[1A
[1A
[1A
[1A
[1A
[1A
[1A
[1A
[1A
[1A
[1A
[1A
[1A
[1A
[1A
[1A
[1A
[1A
[1A
[1A
[1A
[1A
[1A
[1A
[1A
[1A
[1A
[1A
[1A
[1A
[1A
[1A
[1A
[1A
[1A
[1A
[1A
[1A
[1A
[1A
[1A
[1A
[1A
[1A
[1A
[1A
[1A
[1A
[1A
[1A
[1A
[1A
[1A###############################################                           66.2%
[1A
[1A
[1A
[1A
[1A
[1A
[1A
[1A
[1A
[1A
[1A
[1A
[1A
[1A
[1A
[1A
[1A
[1A
[1A
[1A
[1A
[1A
[1A
[1A
[1A
[1A
[1A
[1A
[1A
[1A
[1A
[1A
[1A
[1A
[1A
[1A
[1A
[1A
[1A
[1A
[1A
[1A
[1A
[1A
[1A
[1A
[1A
[1A
[1A
[1A
[1A
[1A
[1A
[1A
[1A
[1A
[1A
[1A
[1A
[1A
[1A
[1A
[1A
[1A
[1A
[1A
[1A################################################                          67.2%
[1A
[1A
[1A
[1A
[1A
[1A
[1A
[1A
[1A
[1A
[1A
[1A
[1A
[1A
[1A
[1A
[1A
[1A
[1A
[1A
[1A
[1A
[1A
[1A
[1A
[1A
[1A
[1A
[1A
[1A
[1A
[1A
[1A
[1A
[1A
[1A
[1A
[1A
[1A
[1A
[1A
[1A
[1A
[1A
[1A
[1A
[1A
[1A
[1A
[1A
[1A
[1A
[1A
[1A
[1A
[1A
[1A
[1A
[1A
[1A
[1A
[1A
[1A
[1A
[1A
[1A
[1A
[1A
[1A
[1A
[1A
[1A
[1A
[1A
[1A
[1A
[1A################################################                          68.0%
[1A
[1A
[1A
[1A
[1A
[1A
[1A
[1A
[1A
[1A
[1A
[1A
[1A
[1A
[1A
[1A
[1A
[1A
[1A
[1A
[1A
[1A
[1A
[1A
[1A
[1A
[1A
[1A
[1A
[1A
[1A
[1A
[1A
[1A
[1A
[1A
[1A
[1A
[1A
[1A
[1A
[1A
[1A
[1A
[1A
[1A
[1A
[1A
[1A
[1A
[1A
[1A
[1A
[1A
[1A
[1A
[1A
[1A
[1A
[1A
[1A
[1A
[1A
[1A
[1A
[1A
[1A
[1A
[1A
[1A
[1A
[1A
[1A
[1A#################################################                         69.0%
[1A
[1A
[1A
[1A
[1A
[1A
[1A
[1A
[1A
[1A
[1A
[1A
[1A
[1A
[1A
[1A
[1A
[1A
[1A
[1A
[1A
[1A
[1A
[1A
[1A
[1A
[1A
[1A
[1A
[1A
[1A
[1A
[1A
[1A
[1A
[1A
[1A
[1A
[1A
[1A
[1A
[1A
[1A
[1A
[1A
[1A
[1A
[1A
[1A
[1A
[1A
[1A
[1A
[1A
[1A
[1A
[1A
[1A
[1A
[1A
[1A
[1A
[1A
[1A
[1A
[1A
[1A
[1A
[1A
[1A
[1A
[1A
[1A
[1A##################################################                        69.9%
[1A
[1A
[1A
[1A
[1A
[1A
[1A
[1A
[1A
[1A
[1A
[1A
[1A
[1A
[1A
[1A
[1A
[1A
[1A
[1A
[1A
[1A
[1A
[1A
[1A
[1A
[1A
[1A
[1A
[1A
[1A
[1A
[1A
[1A
[1A
[1A
[1A
[1A
[1A
[1A
[1A
[1A
[1A
[1A
[1A
[1A
[1A
[1A
[1A
[1A
[1A
[1A
[1A
[1A
[1A
[1A
[1A
[1A
[1A
[1A
[1A
[1A
[1A
[1A
[1A
[1A
[1A
[1A
[1A
[1A
[1A
[1A
[1A
[1A
[1A
[1A
[1A
[1A
[1A##################################################                        70.8%
[1A
[1A
[1A
[1A
[1A
[1A
[1A
[1A
[1A
[1A
[1A
[1A
[1A
[1A
[1A
[1A
[1A
[1A
[1A
[1A
[1A
[1A
[1A
[1A
[1A
[1A
[1A
[1A
[1A
[1A
[1A
[1A
[1A
[1A
[1A
[1A
[1A
[1A
[1A
[1A
[1A
[1A
[1A
[1A
[1A
[1A
[1A
[1A
[1A
[1A
[1A
[1A
[1A
[1A
[1A
[1A
[1A
[1A
[1A
[1A
[1A
[1A
[1A
[1A
[1A
[1A
[1A
[1A
[1A
[1A
[1A
[1A
[1A###################################################                       71.7%
[1A
[1A
[1A
[1A
[1A
[1A
[1A
[1A
[1A
[1A
[1A
[1A
[1A
[1A
[1A
[1A
[1A
[1A
[1A
[1A
[1A
[1A
[1A
[1A
[1A
[1A
[1A
[1A
[1A
[1A
[1A
[1A
[1A
[1A
[1A
[1A
[1A
[1A
[1A
[1A
[1A
[1A
[1A
[1A
[1A
[1A
[1A
[1A
[1A
[1A
[1A
[1A
[1A
[1A
[1A
[1A
[1A
[1A
[1A
[1A
[1A
[1A
[1A
[1A
[1A
[1A
[1A
[1A
[1A
[1A
[1A
[1A
[1A
[1A
[1A
[1A####################################################                      72.4%
[1A
[1A
[1A
[1A
[1A
[1A
[1A
[1A
[1A
[1A
[1A
[1A
[1A
[1A
[1A
[1A
[1A
[1A
[1A
[1A
[1A
[1A
[1A
[1A
[1A
[1A
[1A
[1A
[1A
[1A
[1A
[1A
[1A
[1A
[1A
[1A
[1A
[1A
[1A
[1A
[1A
[1A
[1A
[1A
[1A
[1A
[1A
[1A
[1A
[1A
[1A
[1A
[1A
[1A
[1A
[1A
[1A
[1A
[1A
[1A
[1A
[1A
[1A
[1A
[1A
[1A
[1A
[1A
[1A
[1A
[1A
[1A
[1A
[1A####################################################                      73.2%
[1A
[1A
[1A
[1A
[1A
[1A
[1A
[1A
[1A
[1A
[1A
[1A
[1A
[1A
[1A
[1A
[1A
[1A
[1A
[1A
[1A
[1A
[1A
[1A
[1A
[1A
[1A
[1A
[1A
[1A
[1A
[1A
[1A
[1A
[1A
[1A
[1A
[1A
[1A
[1A
[1A
[1A
[1A
[1A
[1A
[1A
[1A
[1A
[1A
[1A
[1A
[1A
[1A
[1A
[1A
[1A
[1A
[1A
[1A
[1A
[1A
[1A
[1A
[1A
[1A
[1A#####################################################                     74.1%
[1A
[1A
[1A
[1A
[1A
[1A
[1A
[1A
[1A
[1A
[1A
[1A
[1A
[1A
[1A
[1A
[1A
[1A
[1A
[1A
[1A
[1A
[1A
[1A
[1A
[1A
[1A
[1A
[1A
[1A
[1A
[1A
[1A
[1A
[1A
[1A
[1A
[1A
[1A
[1A
[1A
[1A
[1A
[1A
[1A
[1A
[1A
[1A
[1A
[1A
[1A
[1A
[1A
[1A
[1A
[1A
[1A
[1A######################################################                    75.0%
[1A
[1A
[1A
[1A
[1A
[1A
[1A
[1A
[1A
[1A
[1A
[1A
[1A
[1A
[1A
[1A
[1A
[1A
[1A
[1A
[1A
[1A
[1A
[1A
[1A
[1A
[1A
[1A
[1A
[1A
[1A
[1A
[1A
[1A
[1A
[1A
[1A
[1A
[1A
[1A
[1A
[1A
[1A
[1A
[1A
[1A
[1A
[1A
[1A
[1A
[1A
[1A
[1A
[1A
[1A
[1A
[1A
[1A
[1A
[1A
[1A
[1A
[1A
[1A
[1A
[1A
[1A
[1A
[1A
[1A
[1A
[1A
[1A
[1A
[1A
[1A
[1A######################################################                    76.0%
[1A
[1A
[1A
[1A
[1A
[1A
[1A
[1A
[1A
[1A
[1A
[1A
[1A
[1A
[1A
[1A
[1A
[1A
[1A
[1A
[1A
[1A
[1A
[1A
[1A
[1A
[1A
[1A
[1A
[1A
[1A
[1A
[1A
[1A
[1A
[1A
[1A
[1A
[1A
[1A
[1A
[1A
[1A
[1A
[1A
[1A
[1A
[1A
[1A
[1A
[1A
[1A
[1A
[1A
[1A
[1A
[1A
[1A
[1A
[1A
[1A
[1A
[1A
[1A
[1A
[1A
[1A
[1A
[1A
[1A
[1A
[1A
[1A
[1A
[1A
[1A#######################################################                   76.9%
[1A
[1A
[1A
[1A
[1A
[1A
[1A
[1A
[1A
[1A
[1A
[1A
[1A
[1A
[1A
[1A
[1A
[1A
[1A
[1A
[1A
[1A
[1A
[1A
[1A
[1A
[1A
[1A
[1A
[1A
[1A
[1A
[1A
[1A
[1A
[1A
[1A
[1A
[1A
[1A
[1A
[1A
[1A
[1A
[1A
[1A
[1A
[1A
[1A
[1A########################################################                  77.8%
[1A
[1A
[1A
[1A
[1A
[1A
[1A
[1A
[1A
[1A
[1A
[1A
[1A
[1A
[1A
[1A
[1A
[1A
[1A
[1A
[1A
[1A
[1A
[1A
[1A
[1A
[1A
[1A
[1A
[1A
[1A
[1A
[1A
[1A
[1A
[1A
[1A
[1A
[1A
[1A
[1A
[1A
[1A
[1A
[1A
[1A
[1A
[1A
[1A
[1A
[1A
[1A
[1A
[1A
[1A
[1A
[1A
[1A
[1A
[1A
[1A
[1A
[1A
[1A
[1A########################################################                  78.7%
[1A
[1A
[1A
[1A
[1A
[1A
[1A
[1A
[1A
[1A
[1A
[1A
[1A
[1A
[1A
[1A
[1A
[1A
[1A
[1A
[1A
[1A
[1A
[1A
[1A
[1A
[1A
[1A
[1A
[1A
[1A
[1A
[1A
[1A
[1A
[1A
[1A
[1A
[1A
[1A
[1A
[1A
[1A
[1A
[1A
[1A
[1A
[1A
[1A
[1A
[1A
[1A
[1A
[1A
[1A
[1A
[1A
[1A
[1A
[1A
[1A#########################################################                 79.5%
[1A
[1A
[1A
[1A
[1A
[1A
[1A
[1A
[1A
[1A
[1A
[1A
[1A
[1A
[1A
[1A
[1A
[1A
[1A
[1A
[1A
[1A
[1A
[1A
[1A
[1A
[1A
[1A
[1A
[1A
[1A
[1A
[1A
[1A
[1A
[1A
[1A
[1A
[1A
[1A
[1A
[1A
[1A
[1A
[1A
[1A
[1A
[1A
[1A
[1A
[1A
[1A
[1A
[1A
[1A
[1A
[1A
[1A
[1A
[1A
[1A
[1A
[1A
[1A
[1A
[1A
[1A
[1A#########################################################                 80.3%
[1A
[1A
[1A
[1A
[1A
[1A
[1A
[1A
[1A
[1A
[1A
[1A
[1A
[1A
[1A
[1A
[1A
[1A
[1A
[1A
[1A
[1A
[1A
[1A
[1A
[1A
[1A
[1A
[1A
[1A
[1A
[1A
[1A
[1A
[1A
[1A
[1A
[1A
[1A
[1A
[1A
[1A
[1A
[1A
[1A
[1A
[1A
[1A
[1A
[1A
[1A
[1A
[1A
[1A
[1A
[1A
[1A
[1A
[1A
[1A
[1A
[1A##########################################################                81.1%
[1A
[1A
[1A
[1A
[1A
[1A
[1A
[1A
[1A
[1A
[1A
[1A
[1A
[1A
[1A
[1A
[1A
[1A
[1A
[1A
[1A
[1A
[1A
[1A
[1A
[1A
[1A
[1A
[1A
[1A
[1A
[1A
[1A
[1A
[1A
[1A
[1A
[1A
[1A
[1A
[1A
[1A
[1A
[1A
[1A
[1A
[1A
[1A
[1A
[1A
[1A
[1A
[1A
[1A
[1A
[1A
[1A
[1A
[1A
[1A
[1A
[1A
[1A
[1A
[1A
[1A
[1A
[1A
[1A
[1A
[1A
[1A###########################################################               82.0%
[1A
[1A
[1A
[1A
[1A
[1A
[1A
[1A
[1A
[1A
[1A
[1A
[1A
[1A
[1A
[1A
[1A
[1A
[1A
[1A
[1A
[1A
[1A
[1A
[1A
[1A
[1A
[1A
[1A
[1A
[1A
[1A
[1A
[1A
[1A
[1A
[1A
[1A
[1A
[1A
[1A
[1A
[1A
[1A
[1A
[1A
[1A
[1A
[1A
[1A
[1A
[1A
[1A
[1A
[1A
[1A###########################################################               83.0%
[1A
[1A
[1A
[1A
[1A
[1A
[1A
[1A
[1A
[1A
[1A
[1A
[1A
[1A
[1A
[1A
[1A
[1A
[1A
[1A
[1A
[1A
[1A
[1A
[1A
[1A
[1A
[1A
[1A
[1A
[1A
[1A
[1A
[1A
[1A
[1A
[1A
[1A
[1A
[1A
[1A
[1A
[1A
[1A
[1A
[1A
[1A
[1A
[1A
[1A
[1A
[1A
[1A
[1A
[1A
[1A
[1A
[1A
[1A
[1A############################################################              84.1%
[1A
[1A
[1A
[1A
[1A
[1A
[1A
[1A
[1A
[1A
[1A
[1A
[1A
[1A
[1A
[1A
[1A
[1A
[1A
[1A
[1A
[1A
[1A
[1A
[1A
[1A
[1A
[1A
[1A
[1A
[1A
[1A
[1A
[1A
[1A
[1A#############################################################             85.2%
[1A
[1A
[1A
[1A
[1A
[1A
[1A
[1A
[1A
[1A
[1A
[1A
[1A
[1A
[1A
[1A
[1A
[1A
[1A
[1A
[1A
[1A
[1A
[1A
[1A
[1A
[1A
[1A
[1A
[1A
[1A
[1A
[1A
[1A
[1A
[1A
[1A
[1A
[1A
[1A
[1A
[1A
[1A
[1A
[1A
[1A
[1A
[1A
[1A
[1A
[1A
[1A
[1A
[1A#############################################################             86.1%
[1A
[1A
[1A
[1A
[1A
[1A
[1A
[1A
[1A
[1A
[1A
[1A
[1A
[1A
[1A
[1A
[1A
[1A
[1A
[1A
[1A
[1A
[1A
[1A
[1A
[1A
[1A
[1A
[1A
[1A
[1A
[1A
[1A
[1A
[1A
[1A
[1A
[1A
[1A
[1A
[1A
[1A
[1A
[1A##############################################################            87.1%
[1A
[1A
[1A
[1A
[1A
[1A
[1A
[1A
[1A
[1A
[1A
[1A
[1A
[1A
[1A
[1A
[1A
[1A
[1A
[1A
[1A
[1A
[1A
[1A
[1A
[1A
[1A
[1A
[1A
[1A
[1A
[1A
[1A
[1A
[1A
[1A
[1A
[1A
[1A
[1A
[1A
[1A
[1A
[1A
[1A
[1A
[1A
[1A
[1A
[1A
[1A
[1A
[1A
[1A
[1A
[1A
[1A
[1A
[1A
[1A
[1A
[1A###############################################################           88.1%
[1A
[1A
[1A
[1A
[1A
[1A
[1A
[1A
[1A
[1A
[1A
[1A
[1A
[1A
[1A
[1A
[1A
[1A
[1A
[1A
[1A
[1A
[1A
[1A
[1A
[1A
[1A
[1A
[1A
[1A
[1A
[1A
[1A
[1A
[1A
[1A
[1A
[1A
[1A
[1A
[1A
[1A
[1A
[1A
[1A
[1A
[1A
[1A
[1A
[1A
[1A
[1A
[1A
[1A
[1A
[1A
[1A
[1A
[1A
[1A
[1A################################################################          89.1%
[1A
[1A
[1A
[1A
[1A
[1A
[1A
[1A
[1A
[1A
[1A
[1A
[1A
[1A
[1A
[1A
[1A
[1A
[1A
[1A
[1A
[1A
[1A
[1A
[1A
[1A
[1A
[1A
[1A
[1A
[1A
[1A
[1A
[1A
[1A
[1A
[1A
[1A
[1A
[1A
[1A
[1A
[1A
[1A
[1A
[1A
[1A
[1A
[1A
[1A
[1A
[1A
[1A
[1A
[1A
[1A
[1A
[1A
[1A
[1A
[1A
[1A
[1A
[1A
[1A
[1A
[1A
[1A
[1A
[1A
[1A
[1A
[1A
[1A
[1A################################################################          90.1%
[1A
[1A
[1A
[1A
[1A
[1A
[1A
[1A
[1A
[1A
[1A
[1A
[1A
[1A
[1A
[1A
[1A
[1A
[1A
[1A
[1A
[1A
[1A
[1A
[1A
[1A
[1A
[1A
[1A
[1A
[1A
[1A
[1A
[1A
[1A
[1A
[1A
[1A
[1A
[1A
[1A
[1A
[1A
[1A
[1A
[1A
[1A
[1A
[1A
[1A
[1A
[1A
[1A
[1A
[1A
[1A
[1A
[1A
[1A
[1A
[1A
[1A
[1A
[1A
[1A
[1A
[1A
[1A
[1A
[1A
[1A#################################################################         91.1%
[1A
[1A
[1A
[1A
[1A
[1A
[1A
[1A
[1A
[1A
[1A
[1A
[1A
[1A
[1A
[1A
[1A
[1A
[1A
[1A
[1A
[1A
[1A
[1A
[1A
[1A
[1A
[1A
[1A
[1A
[1A
[1A
[1A
[1A
[1A
[1A
[1A
[1A
[1A
[1A
[1A
[1A
[1A
[1A
[1A
[1A
[1A
[1A
[1A
[1A
[1A
[1A
[1A
[1A
[1A
[1A
[1A
[1A##################################################################        92.0%
[1A
[1A
[1A
[1A
[1A
[1A
[1A
[1A
[1A
[1A
[1A
[1A
[1A
[1A
[1A
[1A
[1A
[1A
[1A
[1A
[1A
[1A
[1A
[1A
[1A
[1A
[1A
[1A
[1A
[1A
[1A
[1A
[1A
[1A
[1A
[1A
[1A
[1A
[1A
[1A
[1A
[1A
[1A
[1A
[1A
[1A
[1A
[1A
[1A
[1A
[1A
[1A
[1A
[1A
[1A
[1A
[1A
[1A
[1A
[1A
[1A
[1A
[1A
[1A
[1A
[1A
[1A
[1A
[1A
[1A
[1A
[1A
[1A
[1A##################################################################        92.9%
[1A
[1A
[1A
[1A
[1A
[1A
[1A
[1A
[1A
[1A
[1A
[1A
[1A
[1A
[1A
[1A
[1A
[1A
[1A
[1A
[1A
[1A
[1A
[1A
[1A
[1A
[1A
[1A
[1A
[1A
[1A
[1A
[1A
[1A
[1A
[1A
[1A
[1A
[1A
[1A
[1A
[1A
[1A
[1A
[1A
[1A
[1A
[1A
[1A
[1A
[1A
[1A###################################################################       93.8%
[1A
[1A
[1A
[1A
[1A
[1A
[1A
[1A
[1A
[1A
[1A
[1A
[1A
[1A
[1A
[1A
[1A
[1A
[1A
[1A
[1A
[1A
[1A
[1A
[1A
[1A
[1A
[1A
[1A
[1A
[1A
[1A
[1A
[1A
[1A
[1A
[1A
[1A####################################################################      94.7%
[1A
[1A
[1A
[1A
[1A
[1A
[1A
[1A
[1A
[1A
[1A
[1A
[1A
[1A
[1A
[1A
[1A
[1A
[1A
[1A
[1A
[1A
[1A
[1A
[1A
[1A
[1A
[1A
[1A
[1A
[1A
[1A
[1A
[1A
[1A
[1A
[1A
[1A
[1A
[1A
[1A
[1A
[1A
[1A
[1A
[1A
[1A
[1A
[1A
[1A
[1A
[1A
[1A
[1A
[1A
[1A
[1A
[1A
[1A
[1A
[1A
[1A
[1A
[1A
[1A
[1A
[1A
[1A
[1A
[1A
[1A
[1A
[1A
[1A
[1A
[1A
[1A
[1A####################################################################      95.7%
[1A
[1A
[1A
[1A
[1A
[1A
[1A
[1A
[1A
[1A
[1A
[1A
[1A
[1A
[1A
[1A
[1A
[1A
[1A
[1A
[1A
[1A
[1A
[1A
[1A
[1A
[1A
[1A
[1A
[1A
[1A
[1A
[1A
[1A
[1A
[1A
[1A
[1A
[1A
[1A
[1A
[1A
[1A
[1A
[1A
[1A
[1A
[1A
[1A
[1A
[1A
[1A
[1A
[1A
[1A
[1A
[1A
[1A
[1A#####################################################################     96.7%
[1A
[1A
[1A
[1A
[1A
[1A
[1A
[1A
[1A
[1A
[1A
[1A
[1A
[1A
[1A
[1A
[1A
[1A
[1A
[1A
[1A
[1A
[1A
[1A
[1A
[1A
[1A
[1A
[1A
[1A
[1A
[1A
[1A
[1A
[1A
[1A
[1A
[1A
[1A
[1A
[1A
[1A
[1A
[1A
[1A
[1A
[1A######################################################################    97.8%
[1A
[1A
[1A
[1A
[1A
[1A
[1A
[1A
[1A
[1A
[1A
[1A
[1A
[1A
[1A
[1A
[1A
[1A
[1A
[1A
[1A
[1A
[1A
[1A
[1A
[1A
[1A
[1A
[1A
[1A
[1A
[1A
[1A
[1A
[1A
[1A
[1A
[1A
[1A
[1A
[1A
[1A
[1A
[1A
[1A
[1A
[1A
[1A
[1A
[1A
[1A
[1A
[1A
[1A
[1A
[1A
[1A
[1A
[1A
[1A
[1A
[1A#######################################################################   98.9%
[1A
[1A
[1A
[1A
[1A
[1A
[1A
[1A
[1A
[1A
[1A
[1A
[1A
[1A
[1A
[1A
[1A
[1A
[1A
[1A
[1A
[1A
[1A
[1A
[1A
[1A
[1A
[1A
[1A
[1A
[1A
[1A
[1A
[1A
[1A
[1A
[1A
[1A
[1A
[1A
[1A
[1A
[1A
[1A
[1A
[1A
[1A
[1A
[1A
[1A
[1A
[1A
[1A
[1A
[1A
[1A#######################################################################   99.7%
[1A
[1A
[1A
[1A
[1A
[1A
[1A
[1A
[1A
[1A
[1A
[1A
[1A
[1A
[1A
[1A
[1A
[1A
[1A
[1A
[1A
[1A
[1A
[1A
[1A
[1A
[1A
[1A
[1A
[1A
[1A
[1A
[1A
[1A
[1A
[1A
[1A
[1A
[1A
[1A
[1A
[1A
[1A
[1A
[1A
[1A
[1A
[1A
[1A
[1A
[1A
[1A
[1A
[1A
[1A
[1A
[1A
[1A
[1A######################################################################## 100.0%
[1m[31mWARNING:(B[m Unable to detect NVIDIA/AMD GPU. Install lspci or lshw to automatically detect and install GPU dependencies.
>>> The Ollama API is now available at 127.0.0.1:11434.
>>> Install complete. Run "ollama" from the command line.

=> Step 2: RUN (ollama serve &) && sleep 8 && ollama pull qwen2.5-coder:1.5b && sleep 2
Couldn't find '/root/.ollama/id_ed25519'. Generating new private key.
Your new public key is: 

ssh-ed25519 AAAAC3NzaC1lZDI1NTE5AAAAIBm7wPgtkW+nOYQhYCMi6skH7/Hv1Ot6tb9bX/8d4bKF

time=2026-09-27T03:20:26.653Z level=INFO source=routes.go:2005 msg="server config" env="map[CUDA_VISIBLE_DEVICES: GGML_VK_VISIBLE_DEVICES: GPU_DEVICE_ORDINAL: HIP_VISIBLE_DEVICES: HSA_OVERRIDE_GFX_VERSION: HTTPS_PROXY: HTTP_PROXY: LLAMA_ARG_FIT: LLAMA_ARG_FIT_TARGET: NO_PROXY: OLLAMA_CONTEXT_LENGTH:0 OLLAMA_CREATE_REMOTE:false OLLAMA_DEBUG:INFO OLLAMA_DEBUG_LOG_REQUESTS:false OLLAMA_EDITOR: OLLAMA_FLASH_ATTENTION:false OLLAMA_GO_TEMPLATE:true OLLAMA_GPU_OVERHEAD:0 OLLAMA_HOST:http://127.0.0.1:11434 OLLAMA_IGPU_ENABLE: OLLAMA_KEEP_ALIVE:5m0s OLLAMA_KV_CACHE_TYPE: OLLAMA_LLM_LIBRARY: OLLAMA_LOAD_TIMEOUT:5m0s OLLAMA_MAX_LOADED_MODELS:0 OLLAMA_MAX_QUEUE:512 OLLAMA_MAX_TRANSFER_STREAMS:4 OLLAMA_MODELS:/root/.ollama/models OLLAMA_NOHISTORY:false OLLAMA_NOPRUNE:false OLLAMA_NO_CLOUD:false OLLAMA_NUM_PARALLEL:1 OLLAMA_ORIGINS:[http://localhost https://localhost http://localhost:* https://localhost:* http://127.0.0.1 https://127.0.0.1 http://127.0.0.1:* https://127.0.0.1:* http://0.0.0.0 https://0.0.0.0 http://0.0.0.0:* https://0.0.0.0:* app://* file://* tauri://* vscode-webview://* vscode-file://*] OLLAMA_REMOTES:[ollama.com] OLLAMA_SCHED_SPREAD:false OLLAMA_VULKAN:true ROCR_VISIBLE_DEVICES: http_proxy: https_proxy: no_proxy:]"
time=2026-09-27T03:20:26.654Z level=INFO source=routes.go:2007 msg="Ollama cloud disabled: false"
time=2026-09-27T03:20:26.654Z level=INFO source=images.go:922 msg="total blobs: 0"
time=2026-09-27T03:20:26.654Z level=INFO source=images.go:930 msg="total unused blobs removed: 0"
time=2026-09-27T03:20:26.656Z level=INFO source=routes.go:2065 msg="Listening on 127.0.0.1:11434 (version 0.34.4)"
time=2026-09-27T03:20:26.660Z level=INFO source=runner.go:60 msg="discovering available GPUs..."
time=2026-09-27T03:20:26.838Z level=INFO source=model_recommendations.go:177 msg="model recommendations cache sleep scheduled" wait=4h1m59.214269936s consecutive_failures=0
time=2026-09-27T03:20:26.936Z level=INFO source=types.go:50 msg="inference compute" id=cpu library=cpu compute="" name=cpu description=cpu libdirs=ollama driver="" pci_id="" type="" total="2717.1 GiB" available="2717.0 GiB"
time=2026-09-27T03:20:26.936Z level=INFO source=routes.go:2115 msg="vram-based default context" total_vram="0 B" default_num_ctx=4096
[GIN] 2026/09/27 - 03:20:34 | 200 |    1.540957ms |       127.0.0.1 | HEAD     "/"
[?2026h[?25l[1Gpulling manifest ⠋ [K[?25h[?2026l[?2026h[?25l[1Gpulling manifest ⠙ [K[?25h[?2026l[?2026h[?25l[1Gpulling manifest ⠹ [K[?25h[?2026ltime=2026-09-27T03:20:34.982Z level=INFO source=download.go:181 msg="downloading 29d8c98fa6b0 in 10 100 MB part(s)"
[?2026h[?25l[1Gpulling manifest ⠸ [K[?25h[?2026l[?2026h[?25l[1Gpulling manifest ⠼ [K[?25h[?2026l[?2026h[?25l[1Gpulling manifest [K
pulling 29d8c98fa6b0:   1% ▕                  ▏ 6.1 MB/986 MB                  [K[?25h[?2026l[?2026h[?25l[A[1Gpulling manifest [K
pulling 29d8c98fa6b0:   4% ▕                  ▏  36 MB/986 MB                  [K[?25h[?2026l[?2026h[?25l[A[1Gpulling manifest [K
pulling 29d8c98fa6b0:   7% ▕█                 ▏  69 MB/986 MB                  [K[?25h[?2026l[?2026h[?25l[A[1Gpulling manifest [K
pulling 29d8c98fa6b0:   9% ▕█                 ▏  85 MB/986 MB                  [K[?25h[?2026l[?2026h[?25l[A[1Gpulling manifest [K
pulling 29d8c98fa6b0:  13% ▕██                ▏ 125 MB/986 MB                  [K[?25h[?2026l[?2026h[?25l[A[1Gpulling manifest [K
pulling 29d8c98fa6b0:  16% ▕██                ▏ 161 MB/986 MB                  [K[?25h[?2026l[?2026h[?25l[A[1Gpulling manifest [K
pulling 29d8c98fa6b0:  18% ▕███               ▏ 177 MB/986 MB                  [K[?25h[?2026l[?2026h[?25l[A[1Gpulling manifest [K
pulling 29d8c98fa6b0:  21% ▕███               ▏ 210 MB/986 MB                  [K[?25h[?2026l[?2026h[?25l[A[1Gpulling manifest [K
pulling 29d8c98fa6b0:  25% ▕████              ▏ 250 MB/986 MB                  [K[?25h[?2026l[?2026h[?25l[A[1Gpulling manifest [K
pulling 29d8c98fa6b0:  27% ▕████              ▏ 262 MB/986 MB                  [K[?25h[?2026l[?2026h[?25l[A[1Gpulling manifest [K
pulling 29d8c98fa6b0:  31% ▕█████             ▏ 302 MB/986 MB  296 MB/s      2s[K[?25h[?2026l[?2026h[?25l[A[1Gpulling manifest [K
pulling 29d8c98fa6b0:  35% ▕██████            ▏ 346 MB/986 MB  296 MB/s      2s[K[?25h[?2026l[?2026h[?25l[A[1Gpulling manifest [K
pulling 29d8c98fa6b0:  37% ▕██████            ▏ 361 MB/986 MB  296 MB/s      2s[K[?25h[?2026l[?2026h[?25l[A[1Gpulling manifest [K
pulling 29d8c98fa6b0:  41% ▕███████           ▏ 400 MB/986 MB  296 MB/s      1s[K[?25h[?2026l[?2026h[?25l[A[1Gpulling manifest [K
pulling 29d8c98fa6b0:  44% ▕███████           ▏ 435 MB/986 MB  296 MB/s      1s[K[?25h[?2026l[?2026h[?25l[A[1Gpulling manifest [K
pulling 29d8c98fa6b0:  46% ▕████████          ▏ 454 MB/986 MB  296 MB/s      1s[K[?25h[?2026l[?2026h[?25l[A[1Gpulling manifest [K
pulling 29d8c98fa6b0:  50% ▕████████          ▏ 492 MB/986 MB  296 MB/s      1s[K[?25h[?2026l[?2026h[?25l[A[1Gpulling manifest [K
pulling 29d8c98fa6b0:  55% ▕█████████         ▏ 540 MB/986 MB  296 MB/s      1s[K[?25h[?2026l[?2026h[?25l[A[1Gpulling manifest [K
pulling 29d8c98fa6b0:  57% ▕██████████        ▏ 559 MB/986 MB  296 MB/s      1s[K[?25h[?2026l[?2026h[?25l[A[1Gpulling manifest [K
pulling 29d8c98fa6b0:  61% ▕██████████        ▏ 598 MB/986 MB  296 MB/s      1s[K[?25h[?2026l[?2026h[?25l[A[1Gpulling manifest [K
pulling 29d8c98fa6b0:  65% ▕███████████       ▏ 639 MB/986 MB  316 MB/s      1s[K[?25h[?2026l[?2026h[?25l[A[1Gpulling manifest [K
pulling 29d8c98fa6b0:  67% ▕████████████      ▏ 664 MB/986 MB  316 MB/s      1s[K[?25h[?2026l[?2026h[?25l[A[1Gpulling manifest [K
pulling 29d8c98fa6b0:  71% ▕████████████      ▏ 698 MB/986 MB  316 MB/s      0s[K[?25h[?2026l[?2026h[?25l[A[1Gpulling manifest [K
pulling 29d8c98fa6b0:  76% ▕█████████████     ▏ 746 MB/986 MB  316 MB/s      0s[K[?25h[?2026l[?2026h[?25l[A[1Gpulling manifest [K
pulling 29d8c98fa6b0:  77% ▕█████████████     ▏ 763 MB/986 MB  316 MB/s      0s[K[?25h[?2026l[?2026h[?25l[A[1Gpulling manifest [K
pulling 29d8c98fa6b0:  82% ▕██████████████    ▏ 803 MB/986 MB  316 MB/s      0s[K[?25h[?2026l[?2026h[?25l[A[1Gpulling manifest [K
pulling 29d8c98fa6b0:  84% ▕███████████████   ▏ 830 MB/986 MB  316 MB/s      0s[K[?25h[?2026l[?2026h[?25l[A[1Gpulling manifest [K
pulling 29d8c98fa6b0:  85% ▕███████████████   ▏ 841 MB/986 MB  316 MB/s      0s[K[?25h[?2026l[?2026h[?25l[A[1Gpulling manifest [K
pulling 29d8c98fa6b0:  87% ▕███████████████   ▏ 853 MB/986 MB  316 MB/s      0s[K[?25h[?2026l[?2026h[?25l[A[1Gpulling manifest [K
pulling 29d8c98fa6b0:  87% ▕███████████████   ▏ 858 MB/986 MB  316 MB/s      0s[K[?25h[?2026l[?2026h[?25l[A[1Gpulling manifest [K
pulling 29d8c98fa6b0:  87% ▕███████████████   ▏ 861 MB/986 MB  316 MB/s      0s[K[?25h[?2026l[?2026h[?25l[A[1Gpulling manifest [K
pulling 29d8c98fa6b0:  87% ▕███████████████   ▏ 861 MB/986 MB  285 MB/s      0s[K[?25h[?2026l[?2026h[?25l[A[1Gpulling manifest [K
pulling 29d8c98fa6b0:  88% ▕███████████████   ▏ 865 MB/986 MB  285 MB/s      0s[K[?25h[?2026l[?2026h[?25l[A[1Gpulling manifest [K
pulling 29d8c98fa6b0:  88% ▕███████████████   ▏ 867 MB/986 MB  285 MB/s      0s[K[?25h[?2026l[?2026h[?25l[A[1Gpulling manifest [K
pulling 29d8c98fa6b0:  89% ▕███████████████   ▏ 874 MB/986 MB  285 MB/s      0s[K[?25h[?2026l[?2026h[?25l[A[1Gpulling manifest [K
pulling 29d8c98fa6b0:  89% ▕████████████████  ▏ 881 MB/986 MB  285 MB/s      0s[K[?25h[?2026l[?2026h[?25l[A[1Gpulling manifest [K
pulling 29d8c98fa6b0:  90% ▕████████████████  ▏ 883 MB/986 MB  285 MB/s      0s[K[?25h[?2026l[?2026h[?25l[A[1Gpulling manifest [K
pulling 29d8c98fa6b0:  90% ▕████████████████  ▏ 885 MB/986 MB  285 MB/s      0s[K[?25h[?2026l[?2026h[?25l[A[1Gpulling manifest [K
pulling 29d8c98fa6b0:  91% ▕████████████████  ▏ 892 MB/986 MB  285 MB/s      0s[K[?25h[?2026l[?2026h[?25l[A[1Gpulling manifest [K
pulling 29d8c98fa6b0:  91% ▕████████████████  ▏ 895 MB/986 MB  285 MB/s      0s[K[?25h[?2026l[?2026h[?25l[A[1Gpulling manifest [K
pulling 29d8c98fa6b0:  91% ▕████████████████  ▏ 902 MB/986 MB  285 MB/s      0s[K[?25h[?2026l[?2026h[?25l[A[1Gpulling manifest [K
pulling 29d8c98fa6b0:  92% ▕████████████████  ▏ 906 MB/986 MB  224 MB/s      0s[K[?25h[?2026l[?2026h[?25l[A[1Gpulling manifest [K
pulling 29d8c98fa6b0:  92% ▕████████████████  ▏ 909 MB/986 MB  224 MB/s      0s[K[?25h[?2026l[?2026h[?25l[A[1Gpulling manifest [K
pulling 29d8c98fa6b0:  92% ▕████████████████  ▏ 911 MB/986 MB  224 MB/s      0s[K[?25h[?2026l[?2026h[?25l[A[1Gpulling manifest [K
pulling 29d8c98fa6b0:  93% ▕████████████████  ▏ 915 MB/986 MB  224 MB/s      0s[K[?25h[?2026l[?2026h[?25l[A[1Gpulling manifest [K
pulling 29d8c98fa6b0:  93% ▕████████████████  ▏ 917 MB/986 MB  224 MB/s      0s[K[?25h[?2026l[?2026h[?25l[A[1Gpulling manifest [K
pulling 29d8c98fa6b0:  94% ▕████████████████  ▏ 926 MB/986 MB  224 MB/s      0s[K[?25h[?2026l[?2026h[?25l[A[1Gpulling manifest [K
pulling 29d8c98fa6b0:  95% ▕█████████████████ ▏ 934 MB/986 MB  224 MB/s      0s[K[?25h[?2026l[?2026h[?25l[A[1Gpulling manifest [K
pulling 29d8c98fa6b0:  95% ▕█████████████████ ▏ 935 MB/986 MB  224 MB/s      0s[K[?25h[?2026l[?2026h[?25l[A[1Gpulling manifest [K
pulling 29d8c98fa6b0:  95% ▕█████████████████ ▏ 941 MB/986 MB  224 MB/s      0s[K[?25h[?2026l[?2026h[?25l[A[1Gpulling manifest [K
pulling 29d8c98fa6b0:  96% ▕█████████████████ ▏ 948 MB/986 MB  224 MB/s      0s[K[?25h[?2026l[?2026h[?25l[A[1Gpulling manifest [K
pulling 29d8c98fa6b0:  96% ▕█████████████████ ▏ 949 MB/986 MB  188 MB/s      0s[K[?25h[?2026l[?2026h[?25l[A[1Gpulling manifest [K
pulling 29d8c98fa6b0:  96% ▕█████████████████ ▏ 950 MB/986 MB  188 MB/s      0s[K[?25h[?2026l[?2026h[?25l[A[1Gpulling manifest [K
pulling 29d8c98fa6b0:  97% ▕█████████████████ ▏ 952 MB/986 MB  188 MB/s      0s[K[?25h[?2026l[?2026h[?25l[A[1Gpulling manifest [K
pulling 29d8c98fa6b0:  97% ▕█████████████████ ▏ 954 MB/986 MB  188 MB/s      0s[K[?25h[?2026l[?2026h[?25l[A[1Gpulling manifest [K
pulling 29d8c98fa6b0:  97% ▕█████████████████ ▏ 955 MB/986 MB  188 MB/s      0s[K[?25h[?2026l[?2026h[?25l[A[1Gpulling manifest [K
pulling 29d8c98fa6b0:  97% ▕█████████████████ ▏ 957 MB/986 MB  188 MB/s      0s[K[?25h[?2026l[?2026h[?25l[A[1Gpulling manifest [K
pulling 29d8c98fa6b0:  97% ▕█████████████████ ▏ 958 MB/986 MB  188 MB/s      0s[K[?25h[?2026l[?2026h[?25l[A[1Gpulling manifest [K
pulling 29d8c98fa6b0:  98% ▕█████████████████ ▏ 961 MB/986 MB  188 MB/s      0s[K[?25h[?2026l[?2026h[?25l[A[1Gpulling manifest [K
pulling 29d8c98fa6b0:  98% ▕█████████████████ ▏ 963 MB/986 MB  188 MB/s      0s[K[?25h[?2026l[?2026h[?25l[A[1Gpulling manifest [K
pulling 29d8c98fa6b0:  98% ▕█████████████████ ▏ 965 MB/986 MB  188 MB/s      0s[K[?25h[?2026l[?2026h[?25l[A[1Gpulling manifest [K
pulling 29d8c98fa6b0:  98% ▕█████████████████ ▏ 966 MB/986 MB  160 MB/s      0s[K[?25h[?2026l[?2026h[?25l[A[1Gpulling manifest [K
pulling 29d8c98fa6b0:  98% ▕█████████████████ ▏ 970 MB/986 MB  160 MB/s      0s[K[?25h[?2026l[?2026h[?25l[A[1Gpulling manifest [K
pulling 29d8c98fa6b0:  99% ▕█████████████████ ▏ 972 MB/986 MB  160 MB/s      0s[K[?25h[?2026l[?2026h[?25l[A[1Gpulling manifest [K
pulling 29d8c98fa6b0:  99% ▕█████████████████ ▏ 975 MB/986 MB  160 MB/s      0s[K[?25h[?2026l[?2026h[?25l[A[1Gpulling manifest [K
pulling 29d8c98fa6b0:  99% ▕█████████████████ ▏ 980 MB/986 MB  160 MB/s      0s[K[?25h[?2026l[?2026h[?25l[A[1Gpulling manifest [K
pulling 29d8c98fa6b0: 100% ▕█████████████████ ▏ 981 MB/986 MB  160 MB/s      0s[K[?25h[?2026l[?2026h[?25l[A[1Gpulling manifest [K
pulling 29d8c98fa6b0: 100% ▕█████████████████ ▏ 984 MB/986 MB  160 MB/s      0s[K[?25h[?2026ltime=2026-09-27T03:20:41.969Z level=INFO source=download.go:181 msg="downloading 66b9ea09bd5b in 1 68 B part(s)"
[?2026h[?25l[A[1Gpulling manifest [K
pulling 29d8c98fa6b0: 100% ▕█████████████████ ▏ 984 MB/986 MB  160 MB/s      0s[K[?25h[?2026l[?2026h[?25l[A[1Gpulling manifest [K
pulling 29d8c98fa6b0: 100% ▕█████████████████ ▏ 984 MB/986 MB  160 MB/s      0s[K[?25h[?2026l[?2026h[?25l[A[1Gpulling manifest [K
pulling 29d8c98fa6b0: 100% ▕█████████████████ ▏ 984 MB/986 MB  160 MB/s      0s[K[?25h[?2026ltime=2026-09-27T03:20:42.211Z level=INFO source=download.go:181 msg="downloading 1e65450c3067 in 1 1.6 KB part(s)"
[?2026h[?25l[A[1Gpulling manifest [K
pulling 29d8c98fa6b0: 100% ▕█████████████████ ▏ 984 MB/986 MB  160 MB/s      0s[K[?25h[?2026ltime=2026-09-27T03:20:42.411Z level=INFO source=download.go:181 msg="downloading 832dd9e00a68 in 1 11 KB part(s)"
[?2026h[?25l[A[1Gpulling manifest [K
pulling 29d8c98fa6b0: 100% ▕█████████████████ ▏ 984 MB/986 MB  160 MB/s      0s[K[?25h[?2026l[?2026h[?25l[A[1Gpulling manifest [K
pulling 29d8c98fa6b0: 100% ▕█████████████████ ▏ 984 MB/986 MB  160 MB/s      0s[K[?25h[?2026ltime=2026-09-27T03:20:42.606Z level=INFO source=download.go:181 msg="downloading 152cb442202b in 1 487 B part(s)"
[?2026h[?25l[A[1Gpulling manifest [K
pulling 29d8c98fa6b0: 100% ▕█████████████████ ▏ 984 MB/986 MB  160 MB/s      0s[K[?25h[?2026l[?2026h[?25l[A[1Gpulling manifest [K
pulling 29d8c98fa6b0: 100% ▕█████████████████ ▏ 984 MB/986 MB  160 MB/s      0s[K
verifying sha256 digest ⠋ [K[?25h[?2026l[?2026h[?25l[A[A[1Gpulling manifest [K
pulling 29d8c98fa6b0: 100% ▕█████████████████ ▏ 984 MB/986 MB  160 MB/s      0s[K
verifying sha256 digest ⠙ [K[?25h[?2026l[?2026h[?25l[A[A[1Gpulling manifest [K
pulling 29d8c98fa6b0: 100% ▕█████████████████ ▏ 984 MB/986 MB  160 MB/s      0s[K
verifying sha256 digest ⠹ [K[?25h[?2026l[?2026h[?25l[A[A[1Gpulling manifest [K
pulling 29d8c98fa6b0: 100% ▕█████████████████ ▏ 984 MB/986 MB  160 MB/s      0s[K
verifying sha256 digest ⠸ [K[?25h[?2026l[?2026h[?25l[A[A[1Gpulling manifest [K
pulling 29d8c98fa6b0: 100% ▕█████████████████ ▏ 984 MB/986 MB  160 MB/s      0s[K
verifying sha256 digest ⠼ [K[?25h[?2026l[?2026h[?25l[A[A[1Gpulling manifest [K
pulling 29d8c98fa6b0: 100% ▕█████████████████ ▏ 984 MB/986 MB  160 MB/s      0s[K
verifying sha256 digest ⠴ [K[?25h[?2026l[?2026h[?25l[A[A[1Gpulling manifest [K
pulling 29d8c98fa6b0: 100% ▕█████████████████ ▏ 984 MB/986 MB  160 MB/s      0s[K
verifying sha256 digest ⠦ [K[?25h[?2026l[?2026h[?25l[A[A[1Gpulling manifest [K
pulling 29d8c98fa6b0: 100% ▕█████████████████ ▏ 984 MB/986 MB  160 MB/s      0s[K
verifying sha256 digest ⠧ [K[?25h[?2026l[?2026h[?25l[A[A[1Gpulling manifest [K
pulling 29d8c98fa6b0: 100% ▕█████████████████ ▏ 984 MB/986 MB  160 MB/s      0s[K
verifying sha256 digest ⠇ [K[?25h[?2026l[?2026h[?25l[A[A[1Gpulling manifest [K
pulling 29d8c98fa6b0: 100% ▕█████████████████ ▏ 984 MB/986 MB  160 MB/s      0s[K
verifying sha256 digest ⠏ [K[?25h[?2026l[GIN] 2026/09/27 - 03:20:43 | 200 |  9.036504747s |       127.0.0.1 | POST     "/api/pull"
[?2026h[?25l[A[A[1Gpulling manifest [K
pulling 29d8c98fa6b0: 100% ▕█████████████████ ▏ 984 MB/986 MB  160 MB/s      0s[K
verifying sha256 digest [K
writing manifest [K
success [K[?25h[?2026l
Saving image...
Image saved, took 1.90s

Built image im-qDVaHMYHk9Q32zYaN2yDPJ in 34.84s


Building image im-kVqPNeDUn3U2X241F1EWsR

=> Step 0: FROM base

=> Step 1: RUN python -m pip install 'fastapi[standard]==0.115.*' 'httpx==0.27.*'
Looking in indexes: http://pypi-mirror.modal.local:5555/simple
Collecting fastapi==0.115.* (from fastapi[standard]==0.115.*)
  Downloading http://pypi-mirror.modal.local:5555/simple/fastapi/fastapi-0.115.14-py3-none-any.whl.metadata (27 kB)
Collecting httpx==0.27.*
  Downloading http://pypi-mirror.modal.local:5555/simple/httpx/httpx-0.27.2-py3-none-any.whl.metadata (7.1 kB)
Collecting starlette<0.47.0,>=0.40.0 (from fastapi==0.115.*->fastapi[standard]==0.115.*)
  Downloading http://pypi-mirror.modal.local:5555/simple/starlette/starlette-0.46.2-py3-none-any.whl.metadata (6.2 kB)
Collecting pydantic!=1.8,!=1.8.1,!=2.0.0,!=2.0.1,!=2.1.0,<3.0.0,>=1.7.4 (from fastapi==0.115.*->fastapi[standard]==0.115.*)
  Downloading http://pypi-mirror.modal.local:5555/simple/pydantic/pydantic-2.13.5-py3-none-any.whl.metadata (110 kB)
Collecting typing-extensions>=4.8.0 (from fastapi==0.115.*->fastapi[standard]==0.115.*)
  Downloading http://pypi-mirror.modal.local:5555/simple/typing-extensions/typing_extensions-4.16.0-py3-none-any.whl.metadata (3.3 kB)
Collecting anyio (from httpx==0.27.*)
  Downloading http://pypi-mirror.modal.local:5555/simple/anyio/anyio-4.15.1-py3-none-any.whl.metadata (4.7 kB)
Collecting certifi (from httpx==0.27.*)
  Downloading http://pypi-mirror.modal.local:5555/simple/certifi/certifi-2026.7.22-py3-none-any.whl.metadata (2.5 kB)
Collecting httpcore==1.* (from httpx==0.27.*)
  Downloading http://pypi-mirror.modal.local:5555/simple/httpcore/httpcore-1.0.9-py3-none-any.whl.metadata (21 kB)
Collecting idna (from httpx==0.27.*)
  Downloading http://pypi-mirror.modal.local:5555/simple/idna/idna-3.20-py3-none-any.whl.metadata (7.2 kB)
Collecting sniffio (from httpx==0.27.*)
  Downloading http://pypi-mirror.modal.local:5555/simple/sniffio/sniffio-1.3.1-py3-none-any.whl.metadata (3.9 kB)
Collecting fastapi-cli>=0.0.5 (from fastapi-cli[standard]>=0.0.5; extra == "standard"->fastapi[standard]==0.115.*)
  Downloading http://pypi-mirror.modal.local:5555/simple/fastapi-cli/fastapi_cli-0.0.32-py3-none-any.whl.metadata (6.7 kB)
Collecting jinja2>=3.1.5 (from fastapi[standard]==0.115.*)
  Downloading http://pypi-mirror.modal.local:5555/simple/jinja2/jinja2-3.1.6-py3-none-any.whl.metadata (2.9 kB)
Collecting python-multipart>=0.0.18 (from fastapi[standard]==0.115.*)
  Downloading http://pypi-mirror.modal.local:5555/simple/python-multipart/python_multipart-0.0.32-py3-none-any.whl.metadata (2.1 kB)
Collecting email-validator>=2.0.0 (from fastapi[standard]==0.115.*)
  Downloading http://pypi-mirror.modal.local:5555/simple/email-validator/email_validator-2.3.0-py3-none-any.whl.metadata (26 kB)
Collecting uvicorn>=0.12.0 (from uvicorn[standard]>=0.12.0; extra == "standard"->fastapi[standard]==0.115.*)
  Downloading http://pypi-mirror.modal.local:5555/simple/uvicorn/uvicorn-0.54.0-py3-none-any.whl.metadata (6.6 kB)
Collecting h11>=0.16 (from httpcore==1.*->httpx==0.27.*)
  Downloading http://pypi-mirror.modal.local:5555/simple/h11/h11-0.16.0-py3-none-any.whl.metadata (8.3 kB)
Collecting annotated-types>=0.6.0 (from pydantic!=1.8,!=1.8.1,!=2.0.0,!=2.0.1,!=2.1.0,<3.0.0,>=1.7.4->fastapi==0.115.*->fastapi[standard]==0.115.*)
  Downloading http://pypi-mirror.modal.local:5555/simple/annotated-types/annotated_types-0.8.0-py3-none-any.whl.metadata (15 kB)
Collecting pydantic-core==2.46.5 (from pydantic!=1.8,!=1.8.1,!=2.0.0,!=2.0.1,!=2.1.0,<3.0.0,>=1.7.4->fastapi==0.115.*->fastapi[standard]==0.115.*)
  Downloading http://pypi-mirror.modal.local:5555/simple/pydantic-core/pydantic_core-2.46.5-cp311-cp311-manylinux_2_17_x86_64.manylinux2014_x86_64.whl.metadata (6.6 kB)
Collecting typing-inspection>=0.4.2 (from pydantic!=1.8,!=1.8.1,!=2.0.0,!=2.0.1,!=2.1.0,<3.0.0,>=1.7.4->fastapi==0.115.*->fastapi[standard]==0.115.*)
  Downloading http://pypi-mirror.modal.local:5555/simple/typing-inspection/typing_inspection-0.4.4-py3-none-any.whl.metadata (2.6 kB)
Collecting dnspython>=2.0.0 (from email-validator>=2.0.0->fastapi[standard]==0.115.*)
  Downloading http://pypi-mirror.modal.local:5555/simple/dnspython/dnspython-2.8.0-py3-none-any.whl.metadata (5.7 kB)
Collecting typer>=0.16.0 (from fastapi-cli>=0.0.5->fastapi-cli[standard]>=0.0.5; extra == "standard"->fastapi[standard]==0.115.*)
  Downloading http://pypi-mirror.modal.local:5555/simple/typer/typer-0.27.2-py3-none-any.whl.metadata (16 kB)
Collecting rich-toolkit>=0.14.8 (from fastapi-cli>=0.0.5->fastapi-cli[standard]>=0.0.5; extra == "standard"->fastapi[standard]==0.115.*)
  Downloading http://pypi-mirror.modal.local:5555/simple/rich-toolkit/rich_toolkit-0.20.5-py3-none-any.whl.metadata (3.0 kB)
Collecting fastapi-cloud-cli>=0.1.1 (from fastapi-cli[standard]>=0.0.5; extra == "standard"->fastapi[standard]==0.115.*)
  Downloading http://pypi-mirror.modal.local:5555/simple/fastapi-cloud-cli/fastapi_cloud_cli-0.26.0-py3-none-any.whl.metadata (3.1 kB)
Collecting rignore>=0.5.1 (from fastapi-cloud-cli>=0.1.1->fastapi-cli[standard]>=0.0.5; extra == "standard"->fastapi[standard]==0.115.*)
  Downloading http://pypi-mirror.modal.local:5555/simple/rignore/rignore-0.8.1-cp311-cp311-manylinux_2_17_x86_64.manylinux2014_x86_64.whl.metadata (4.2 kB)
Collecting sentry-sdk>=2.20.0 (from fastapi-cloud-cli>=0.1.1->fastapi-cli[standard]>=0.0.5; extra == "standard"->fastapi[standard]==0.115.*)
  Downloading http://pypi-mirror.modal.local:5555/simple/sentry-sdk/sentry_sdk-2.70.0-py3-none-any.whl.metadata (11 kB)
Collecting fastar>=0.10.0 (from fastapi-cloud-cli>=0.1.1->fastapi-cli[standard]>=0.0.5; extra == "standard"->fastapi[standard]==0.115.*)
  Downloading http://pypi-mirror.modal.local:5555/simple/fastar/fastar-0.12.0-cp311-cp311-manylinux_2_17_x86_64.manylinux2014_x86_64.whl.metadata (4.1 kB)
Collecting detect-installer>=0.1.0 (from fastapi-cloud-cli>=0.1.1->fastapi-cli[standard]>=0.0.5; extra == "standard"->fastapi[standard]==0.115.*)
  Downloading http://pypi-mirror.modal.local:5555/simple/detect-installer/detect_installer-0.2.1-py3-none-any.whl.metadata (1.2 kB)
Collecting agent-detector>=1.1.0 (from fastapi-cloud-cli>=0.1.1->fastapi-cli[standard]>=0.0.5; extra == "standard"->fastapi[standard]==0.115.*)
  Downloading http://pypi-mirror.modal.local:5555/simple/agent-detector/agent_detector-2.0.0-py3-none-any.whl.metadata (6.6 kB)
Collecting MarkupSafe>=2.0 (from jinja2>=3.1.5->fastapi[standard]==0.115.*)
  Downloading http://pypi-mirror.modal.local:5555/simple/markupsafe/markupsafe-3.0.3-cp311-cp311-manylinux2014_x86_64.manylinux_2_17_x86_64.manylinux_2_28_x86_64.whl.metadata (2.7 kB)
Collecting click>=8.1.7 (from rich-toolkit>=0.14.8->fastapi-cli>=0.0.5->fastapi-cli[standard]>=0.0.5; extra == "standard"->fastapi[standard]==0.115.*)
  Downloading http://pypi-mirror.modal.local:5555/simple/click/click-8.5.0-py3-none-any.whl.metadata (2.6 kB)
Collecting rich>=13.7.1 (from rich-toolkit>=0.14.8->fastapi-cli>=0.0.5->fastapi-cli[standard]>=0.0.5; extra == "standard"->fastapi[standard]==0.115.*)
  Downloading http://pypi-mirror.modal.local:5555/simple/rich/rich-15.0.0-py3-none-any.whl.metadata (18 kB)
Collecting markdown-it-py>=2.2.0 (from rich>=13.7.1->rich-toolkit>=0.14.8->fastapi-cli>=0.0.5->fastapi-cli[standard]>=0.0.5; extra == "standard"->fastapi[standard]==0.115.*)
  Downloading http://pypi-mirror.modal.local:5555/simple/markdown-it-py/markdown_it_py-4.2.0-py3-none-any.whl.metadata (7.4 kB)
Collecting pygments<3.0.0,>=2.13.0 (from rich>=13.7.1->rich-toolkit>=0.14.8->fastapi-cli>=0.0.5->fastapi-cli[standard]>=0.0.5; extra == "standard"->fastapi[standard]==0.115.*)
  Downloading http://pypi-mirror.modal.local:5555/simple/pygments/pygments-2.21.0-py3-none-any.whl.metadata (2.5 kB)
Collecting mdurl~=0.1 (from markdown-it-py>=2.2.0->rich>=13.7.1->rich-toolkit>=0.14.8->fastapi-cli>=0.0.5->fastapi-cli[standard]>=0.0.5; extra == "standard"->fastapi[standard]==0.115.*)
  Downloading http://pypi-mirror.modal.local:5555/simple/mdurl/mdurl-0.1.2-py3-none-any.whl.metadata (1.6 kB)
Collecting urllib3>=1.26.11 (from sentry-sdk>=2.20.0->fastapi-cloud-cli>=0.1.1->fastapi-cli[standard]>=0.0.5; extra == "standard"->fastapi[standard]==0.115.*)
  Downloading http://pypi-mirror.modal.local:5555/simple/urllib3/urllib3-2.8.0-py3-none-any.whl.metadata (7.4 kB)
Collecting shellingham>=1.3.0 (from typer>=0.16.0->fastapi-cli>=0.0.5->fastapi-cli[standard]>=0.0.5; extra == "standard"->fastapi[standard]==0.115.*)
  Downloading http://pypi-mirror.modal.local:5555/simple/shellingham/shellingham-1.5.4-py2.py3-none-any.whl.metadata (3.5 kB)
Collecting annotated-doc>=0.0.2 (from typer>=0.16.0->fastapi-cli>=0.0.5->fastapi-cli[standard]>=0.0.5; extra == "standard"->fastapi[standard]==0.115.*)
  Downloading http://pypi-mirror.modal.local:5555/simple/annotated-doc/annotated_doc-0.0.5-py3-none-any.whl.metadata (6.5 kB)
Collecting httptools>=0.8.0 (from uvicorn[standard]>=0.12.0; extra == "standard"->fastapi[standard]==0.115.*)
  Downloading http://pypi-mirror.modal.local:5555/simple/httptools/httptools-0.8.0-cp311-cp311-manylinux1_x86_64.manylinux_2_28_x86_64.manylinux_2_5_x86_64.whl.metadata (3.5 kB)
Collecting python-dotenv>=0.13 (from uvicorn[standard]>=0.12.0; extra == "standard"->fastapi[standard]==0.115.*)
  Downloading http://pypi-mirror.modal.local:5555/simple/python-dotenv/python_dotenv-1.2.3-py3-none-any.whl.metadata (29 kB)
Collecting pyyaml>=5.1 (from uvicorn[standard]>=0.12.0; extra == "standard"->fastapi[standard]==0.115.*)
  Downloading http://pypi-mirror.modal.local:5555/simple/pyyaml/pyyaml-6.0.3-cp311-cp311-manylinux2014_x86_64.manylinux_2_17_x86_64.manylinux_2_28_x86_64.whl.metadata (2.4 kB)
Collecting uvloop>=0.15.1 (from uvicorn[standard]>=0.12.0; extra == "standard"->fastapi[standard]==0.115.*)
  Downloading http://pypi-mirror.modal.local:5555/simple/uvloop/uvloop-0.22.1-cp311-cp311-manylinux2014_x86_64.manylinux_2_17_x86_64.manylinux_2_28_x86_64.whl.metadata (4.9 kB)
Collecting watchfiles>=0.20 (from uvicorn[standard]>=0.12.0; extra == "standard"->fastapi[standard]==0.115.*)
  Downloading http://pypi-mirror.modal.local:5555/simple/watchfiles/watchfiles-1.3.0-cp310-abi3-manylinux_2_17_x86_64.manylinux2014_x86_64.whl.metadata (4.9 kB)
Collecting websockets>=13.0 (from uvicorn[standard]>=0.12.0; extra == "standard"->fastapi[standard]==0.115.*)
  Downloading http://pypi-mirror.modal.local:5555/simple/websockets/websockets-17.1-cp311-cp311-manylinux1_x86_64.manylinux_2_28_x86_64.manylinux_2_5_x86_64.whl.metadata (6.3 kB)
Downloading http://pypi-mirror.modal.local:5555/simple/fastapi/fastapi-0.115.14-py3-none-any.whl (95 kB)
Downloading http://pypi-mirror.modal.local:5555/simple/httpx/httpx-0.27.2-py3-none-any.whl (76 kB)
Downloading http://pypi-mirror.modal.local:5555/simple/httpcore/httpcore-1.0.9-py3-none-any.whl (78 kB)
Downloading http://pypi-mirror.modal.local:5555/simple/pydantic/pydantic-2.13.5-py3-none-any.whl (472 kB)
Downloading http://pypi-mirror.modal.local:5555/simple/pydantic-core/pydantic_core-2.46.5-cp311-cp311-manylinux_2_17_x86_64.manylinux2014_x86_64.whl (2.1 MB)
   ━━━━━━━━━━━━━━━━━━━━━━━━━━━━━━━━━━━━━━━━ 2.1/2.1 MB 1.3 GB/s  0:00:00
Downloading http://pypi-mirror.modal.local:5555/simple/starlette/starlette-0.46.2-py3-none-any.whl (72 kB)
Downloading http://pypi-mirror.modal.local:5555/simple/anyio/anyio-4.15.1-py3-none-any.whl (132 kB)
Downloading http://pypi-mirror.modal.local:5555/simple/annotated-types/annotated_types-0.8.0-py3-none-any.whl (13 kB)
Downloading http://pypi-mirror.modal.local:5555/simple/email-validator/email_validator-2.3.0-py3-none-any.whl (35 kB)
Downloading http://pypi-mirror.modal.local:5555/simple/dnspython/dnspython-2.8.0-py3-none-any.whl (331 kB)
Downloading http://pypi-mirror.modal.local:5555/simple/fastapi-cli/fastapi_cli-0.0.32-py3-none-any.whl (14 kB)
Downloading http://pypi-mirror.modal.local:5555/simple/fastapi-cloud-cli/fastapi_cloud_cli-0.26.0-py3-none-any.whl (108 kB)
Downloading http://pypi-mirror.modal.local:5555/simple/agent-detector/agent_detector-2.0.0-py3-none-any.whl (9.4 kB)
Downloading http://pypi-mirror.modal.local:5555/simple/detect-installer/detect_installer-0.2.1-py3-none-any.whl (5.4 kB)
Downloading http://pypi-mirror.modal.local:5555/simple/fastar/fastar-0.12.0-cp311-cp311-manylinux_2_17_x86_64.manylinux2014_x86_64.whl (812 kB)
   ━━━━━━━━━━━━━━━━━━━━━━━━━━━━━━━━━━━━━━━━ 812.8/812.8 kB 504.5 MB/s  0:00:00
Downloading http://pypi-mirror.modal.local:5555/simple/h11/h11-0.16.0-py3-none-any.whl (37 kB)
Downloading http://pypi-mirror.modal.local:5555/simple/idna/idna-3.20-py3-none-any.whl (69 kB)
Downloading http://pypi-mirror.modal.local:5555/simple/jinja2/jinja2-3.1.6-py3-none-any.whl (134 kB)
Downloading http://pypi-mirror.modal.local:5555/simple/markupsafe/markupsafe-3.0.3-cp311-cp311-manylinux2014_x86_64.manylinux_2_17_x86_64.manylinux_2_28_x86_64.whl (22 kB)
Downloading http://pypi-mirror.modal.local:5555/simple/python-multipart/python_multipart-0.0.32-py3-none-any.whl (30 kB)
Downloading http://pypi-mirror.modal.local:5555/simple/rich-toolkit/rich_toolkit-0.20.5-py3-none-any.whl (39 kB)
Downloading http://pypi-mirror.modal.local:5555/simple/click/click-8.5.0-py3-none-any.whl (125 kB)
Downloading http://pypi-mirror.modal.local:5555/simple/rich/rich-15.0.0-py3-none-any.whl (310 kB)
Downloading http://pypi-mirror.modal.local:5555/simple/pygments/pygments-2.21.0-py3-none-any.whl (1.3 MB)
   ━━━━━━━━━━━━━━━━━━━━━━━━━━━━━━━━━━━━━━━━ 1.3/1.3 MB 1.3 GB/s  0:00:00
Downloading http://pypi-mirror.modal.local:5555/simple/markdown-it-py/markdown_it_py-4.2.0-py3-none-any.whl (91 kB)
Downloading http://pypi-mirror.modal.local:5555/simple/mdurl/mdurl-0.1.2-py3-none-any.whl (10.0 kB)
Downloading http://pypi-mirror.modal.local:5555/simple/rignore/rignore-0.8.1-cp311-cp311-manylinux_2_17_x86_64.manylinux2014_x86_64.whl (932 kB)
   ━━━━━━━━━━━━━━━━━━━━━━━━━━━━━━━━━━━━━━━━ 932.6/932.6 kB 473.6 MB/s  0:00:00
Downloading http://pypi-mirror.modal.local:5555/simple/sentry-sdk/sentry_sdk-2.70.0-py3-none-any.whl (531 kB)
   ━━━━━━━━━━━━━━━━━━━━━━━━━━━━━━━━━━━━━━━━ 531.8/531.8 kB 1.1 GB/s  0:00:00
Downloading http://pypi-mirror.modal.local:5555/simple/typer/typer-0.27.2-py3-none-any.whl (123 kB)
Downloading http://pypi-mirror.modal.local:5555/simple/annotated-doc/annotated_doc-0.0.5-py3-none-any.whl (5.3 kB)
Downloading http://pypi-mirror.modal.local:5555/simple/shellingham/shellingham-1.5.4-py2.py3-none-any.whl (9.8 kB)
Downloading http://pypi-mirror.modal.local:5555/simple/typing-extensions/typing_extensions-4.16.0-py3-none-any.whl (45 kB)
Downloading http://pypi-mirror.modal.local:5555/simple/typing-inspection/typing_inspection-0.4.4-py3-none-any.whl (14 kB)
Downloading http://pypi-mirror.modal.local:5555/simple/urllib3/urllib3-2.8.0-py3-none-any.whl (135 kB)
Downloading http://pypi-mirror.modal.local:5555/simple/uvicorn/uvicorn-0.54.0-py3-none-any.whl (87 kB)
Downloading http://pypi-mirror.modal.local:5555/simple/httptools/httptools-0.8.0-cp311-cp311-manylinux1_x86_64.manylinux_2_28_x86_64.manylinux_2_5_x86_64.whl (464 kB)
Downloading http://pypi-mirror.modal.local:5555/simple/python-dotenv/python_dotenv-1.2.3-py3-none-any.whl (22 kB)
Downloading http://pypi-mirror.modal.local:5555/simple/pyyaml/pyyaml-6.0.3-cp311-cp311-manylinux2014_x86_64.manylinux_2_17_x86_64.manylinux_2_28_x86_64.whl (806 kB)
   ━━━━━━━━━━━━━━━━━━━━━━━━━━━━━━━━━━━━━━━━ 806.6/806.6 kB 1.0 GB/s  0:00:00
Downloading http://pypi-mirror.modal.local:5555/simple/uvloop/uvloop-0.22.1-cp311-cp311-manylinux2014_x86_64.manylinux_2_17_x86_64.manylinux_2_28_x86_64.whl (3.8 MB)
   ━━━━━━━━━━━━━━━━━━━━━━━━━━━━━━━━━━━━━━━━ 3.8/3.8 MB 792.5 MB/s  0:00:00
Downloading http://pypi-mirror.modal.local:5555/simple/watchfiles/watchfiles-1.3.0-cp310-abi3-manylinux_2_17_x86_64.manylinux2014_x86_64.whl (458 kB)
Downloading http://pypi-mirror.modal.local:5555/simple/websockets/websockets-17.1-cp311-cp311-manylinux1_x86_64.manylinux_2_28_x86_64.manylinux_2_5_x86_64.whl (224 kB)
Downloading http://pypi-mirror.modal.local:5555/simple/certifi/certifi-2026.7.22-py3-none-any.whl (136 kB)
Downloading http://pypi-mirror.modal.local:5555/simple/sniffio/sniffio-1.3.1-py3-none-any.whl (10 kB)
Installing collected packages: websockets, uvloop, urllib3, typing-extensions, sniffio, shellingham, rignore, pyyaml, python-multipart, python-dotenv, pygments, mdurl, MarkupSafe, idna, httptools, h11, fastar, dnspython, detect-installer, click, certifi, annotated-types, annotated-doc, agent-detector, uvicorn, typing-inspection, sentry-sdk, pydantic-core, markdown-it-py, jinja2, httpcore, email-validator, anyio, watchfiles, starlette, rich, pydantic, httpx, typer, rich-toolkit, fastapi, fastapi-cloud-cli, fastapi-cli

Successfully installed MarkupSafe-3.0.3 agent-detector-2.0.0 annotated-doc-0.0.5 annotated-types-0.8.0 anyio-4.15.1 certifi-2026.7.22 click-8.5.0 detect-installer-0.2.1 dnspython-2.8.0 email-validator-2.3.0 fastapi-0.115.14 fastapi-cli-0.0.32 fastapi-cloud-cli-0.26.0 fastar-0.12.0 h11-0.16.0 httpcore-1.0.9 httptools-0.8.0 httpx-0.27.2 idna-3.20 jinja2-3.1.6 markdown-it-py-4.2.0 mdurl-0.1.2 pydantic-2.13.5 pydantic-core-2.46.5 pygments-2.21.0 python-dotenv-1.2.3 python-multipart-0.0.32 pyyaml-6.0.3 rich-15.0.0 rich-toolkit-0.20.5 rignore-0.8.1 sentry-sdk-2.70.0 shellingham-1.5.4 sniffio-1.3.1 starlette-0.46.2 typer-0.27.2 typing-extensions-4.16.0 typing-inspection-0.4.4 urllib3-2.8.0 uvicorn-0.54.0 uvloop-0.22.1 watchfiles-1.3.0 websockets-17.1

[notice] A new release of pip is available: 25.2 -> 26.2.1
[notice] To update, run: pip install --upgrade pip
Saving image...
Image saved, took 5.95s

Built image im-kVqPNeDUn3U2X241F1EWsR in 11.85s


Building image im-XyszlBpb0b9bS6j8U2dNGy

=> Step 0: FROM base

=> Step 1: ENV OLLAMA_HOST=127.0.0.1:11434

=> Step 2: ENV OLLAMA_KEEP_ALIVE=10m
Saving image...
Image saved, took 441.63ms

Built image im-XyszlBpb0b9bS6j8U2dNGy in 1.16s


✓ Created objects.
├── 🔨 Created mount 
│   C:\Users\tatte\Projects\ai-coding-hub-phase1\server\modalOllama.py
└── 🔨 Created web function api => 
    https://mr-tattershall--legasus-ollama-1p5b-api.modal.run
✓ App deployed in 53.609s! 🎉

View Deployment: 
https://modal.com/apps/mr-tattershall/main/deployed/legasus-ollama-1p5b
deploy exit 0
