arm B deploy (7B baked in) 2026-09-27T03:41:25Z
Building image im-7AXqsznDHu0SqHE9XnnXUr

=> Step 0: FROM base

=> Step 1: RUN curl -fsSL https://ollama.com/install.sh | OLLAMA_VERSION=0.33.3 sh
>>> Installing ollama to /usr/local
>>> Downloading ollama-linux-amd64.tar.zst
#=#=#                                                                         
[1A
[1A
[1A
[1A
[1A
[1A
[1A
[1A
[1A
[1A
[1A
[1A
[1A
[1A
[1A
[1A
[1A
[1A
[1A
[1A
[1A
[1A
[1A
[1A
[1A
[1A
[1A
[1A
[1A
[1A
[1A
[1A
[1A
[1A
[1A
[1A
[1A
[1A
[1A
[1A
[1A
[1A
[1A
[1A
[1A
[1A
[1A
[1A
[1A
[1A
[1A
[1A
[1A
[1A
[1A
[1A
[1A
[1A
[1A
[1A
[1A
[1A
[1A
[1A
[1A
[1A
[1A
[1A
[1A
[1A
[1A
[1A
[1A
[1A
[1A
[1A
[1A
[1A
[1A
[1A                                                                           0.5%
[1A
[1A
[1A
[1A
[1A
[1A
[1A
[1A
[1A
[1A
[1A
[1A
[1A
[1A
[1A
[1A
[1A
[1A
[1A
[1A
[1A
[1A
[1A
[1A
[1A
[1A
[1A
[1A
[1A
[1A
[1A
[1A
[1A
[1A
[1A
[1A
[1A
[1A
[1A
[1A
[1A
[1A
[1A
[1A
[1A
[1A
[1A
[1A
[1A
[1A
[1A
[1A
[1A
[1A
[1A
[1A
[1A
[1A
[1A
[1A
[1A
[1A
[1A
[1A
[1A
[1A
[1A
[1A
[1A
[1A
[1A
[1A
[1A
[1A
[1A
[1A
[1A
[1A
[1A
[1A                                                                           1.2%
[1A
[1A
[1A
[1A
[1A
[1A
[1A
[1A
[1A
[1A
[1A
[1A
[1A
[1A
[1A
[1A
[1A
[1A
[1A
[1A
[1A
[1A
[1A
[1A
[1A
[1A
[1A
[1A
[1A
[1A
[1A
[1A
[1A
[1A
[1A
[1A
[1A
[1A
[1A
[1A
[1A
[1A
[1A
[1A
[1A
[1A
[1A
[1A
[1A
[1A
[1A
[1A
[1A
[1A
[1A
[1A
[1A
[1A
[1A
[1A
[1A
[1A
[1A
[1A
[1A
[1A
[1A
[1A
[1A
[1A
[1A
[1A
[1A
[1A
[1A
[1A
[1A
[1A
[1A#                                                                          2.8%
[1A
[1A
[1A
[1A
[1A
[1A
[1A
[1A
[1A
[1A
[1A
[1A
[1A
[1A
[1A
[1A
[1A
[1A
[1A
[1A
[1A
[1A
[1A
[1A
[1A
[1A
[1A
[1A
[1A
[1A
[1A
[1A
[1A
[1A
[1A
[1A
[1A
[1A
[1A
[1A
[1A
[1A
[1A
[1A
[1A
[1A
[1A
[1A
[1A
[1A
[1A
[1A
[1A
[1A
[1A
[1A
[1A
[1A
[1A
[1A
[1A
[1A
[1A
[1A
[1A
[1A
[1A
[1A
[1A
[1A
[1A
[1A
[1A
[1A
[1A
[1A
[1A
[1A
[1A
[1A##                                                                         4.1%
[1A
[1A
[1A
[1A
[1A
[1A
[1A
[1A
[1A
[1A
[1A
[1A
[1A
[1A
[1A
[1A
[1A
[1A
[1A
[1A
[1A
[1A
[1A
[1A
[1A
[1A
[1A
[1A
[1A
[1A
[1A
[1A
[1A
[1A
[1A
[1A
[1A
[1A
[1A
[1A
[1A
[1A
[1A
[1A
[1A
[1A####                                                                       5.7%
[1A
[1A
[1A
[1A
[1A
[1A
[1A
[1A
[1A
[1A
[1A
[1A
[1A
[1A
[1A
[1A
[1A
[1A
[1A
[1A
[1A
[1A
[1A
[1A
[1A
[1A
[1A
[1A
[1A
[1A
[1A
[1A
[1A
[1A
[1A
[1A
[1A
[1A
[1A
[1A
[1A
[1A
[1A
[1A
[1A
[1A
[1A
[1A
[1A
[1A
[1A
[1A
[1A
[1A
[1A
[1A
[1A
[1A
[1A
[1A
[1A
[1A
[1A
[1A
[1A
[1A
[1A
[1A
[1A
[1A
[1A
[1A
[1A
[1A
[1A
[1A
[1A
[1A
[1A
[1A####                                                                       6.4%
[1A
[1A
[1A
[1A
[1A
[1A
[1A
[1A
[1A
[1A
[1A
[1A
[1A
[1A
[1A
[1A
[1A
[1A
[1A
[1A
[1A
[1A
[1A
[1A
[1A
[1A
[1A
[1A
[1A
[1A
[1A
[1A
[1A
[1A
[1A
[1A
[1A
[1A
[1A
[1A
[1A
[1A
[1A
[1A
[1A
[1A
[1A
[1A
[1A
[1A
[1A
[1A
[1A
[1A
[1A
[1A
[1A
[1A
[1A
[1A
[1A
[1A
[1A
[1A
[1A
[1A
[1A
[1A
[1A
[1A
[1A
[1A
[1A
[1A#####                                                                      7.9%
[1A
[1A
[1A
[1A
[1A
[1A
[1A
[1A
[1A
[1A
[1A
[1A
[1A
[1A
[1A
[1A
[1A
[1A
[1A
[1A
[1A
[1A
[1A
[1A
[1A
[1A
[1A
[1A
[1A
[1A
[1A
[1A
[1A
[1A
[1A
[1A
[1A
[1A
[1A
[1A
[1A
[1A
[1A
[1A
[1A
[1A
[1A
[1A
[1A
[1A
[1A
[1A
[1A
[1A
[1A
[1A
[1A
[1A
[1A
[1A
[1A
[1A
[1A
[1A
[1A
[1A
[1A
[1A
[1A
[1A
[1A
[1A
[1A
[1A
[1A
[1A
[1A
[1A
[1A
[1A######                                                                     9.7%
[1A
[1A
[1A
[1A
[1A
[1A
[1A
[1A
[1A
[1A
[1A
[1A
[1A
[1A
[1A
[1A
[1A
[1A
[1A
[1A
[1A
[1A
[1A
[1A
[1A
[1A
[1A
[1A
[1A
[1A
[1A
[1A
[1A
[1A
[1A
[1A
[1A
[1A
[1A
[1A
[1A
[1A
[1A
[1A
[1A
[1A
[1A
[1A
[1A
[1A
[1A
[1A
[1A
[1A
[1A
[1A
[1A
[1A
[1A
[1A
[1A
[1A
[1A
[1A
[1A
[1A
[1A
[1A
[1A
[1A
[1A
[1A
[1A
[1A
[1A
[1A
[1A
[1A
[1A
[1A########                                                                  11.3%
[1A
[1A
[1A
[1A
[1A
[1A
[1A
[1A
[1A
[1A
[1A
[1A
[1A
[1A
[1A
[1A
[1A
[1A
[1A
[1A
[1A
[1A
[1A
[1A
[1A
[1A
[1A
[1A
[1A
[1A
[1A
[1A
[1A
[1A
[1A
[1A
[1A
[1A
[1A
[1A
[1A
[1A
[1A
[1A
[1A
[1A
[1A
[1A
[1A
[1A
[1A
[1A
[1A
[1A
[1A
[1A
[1A
[1A
[1A
[1A
[1A
[1A
[1A
[1A
[1A
[1A
[1A
[1A
[1A
[1A
[1A
[1A
[1A
[1A
[1A#########                                                                 13.0%
[1A
[1A
[1A
[1A
[1A
[1A
[1A
[1A
[1A
[1A
[1A
[1A
[1A
[1A
[1A
[1A
[1A
[1A
[1A
[1A
[1A
[1A
[1A
[1A
[1A
[1A
[1A
[1A
[1A
[1A
[1A
[1A
[1A
[1A
[1A
[1A
[1A
[1A
[1A
[1A
[1A
[1A
[1A
[1A
[1A
[1A
[1A
[1A
[1A
[1A
[1A
[1A
[1A
[1A
[1A
[1A
[1A
[1A
[1A
[1A
[1A
[1A
[1A
[1A
[1A
[1A
[1A
[1A
[1A
[1A
[1A
[1A
[1A
[1A
[1A
[1A
[1A
[1A##########                                                                14.5%
[1A
[1A
[1A
[1A
[1A
[1A
[1A
[1A
[1A
[1A
[1A
[1A
[1A
[1A
[1A
[1A
[1A
[1A
[1A
[1A
[1A
[1A
[1A
[1A
[1A
[1A
[1A
[1A
[1A
[1A
[1A
[1A
[1A
[1A
[1A
[1A
[1A
[1A
[1A
[1A
[1A
[1A
[1A
[1A
[1A
[1A
[1A
[1A
[1A
[1A
[1A
[1A
[1A
[1A
[1A
[1A
[1A
[1A
[1A
[1A
[1A
[1A
[1A
[1A
[1A
[1A
[1A
[1A
[1A
[1A
[1A
[1A
[1A###########                                                               16.1%
[1A
[1A
[1A
[1A
[1A
[1A
[1A
[1A
[1A
[1A
[1A
[1A
[1A
[1A
[1A
[1A
[1A
[1A
[1A
[1A
[1A
[1A
[1A
[1A
[1A
[1A
[1A
[1A
[1A
[1A
[1A
[1A
[1A
[1A
[1A
[1A
[1A
[1A
[1A
[1A
[1A
[1A
[1A
[1A
[1A
[1A
[1A
[1A
[1A
[1A
[1A
[1A
[1A
[1A
[1A
[1A
[1A
[1A
[1A
[1A
[1A
[1A
[1A
[1A
[1A
[1A
[1A
[1A
[1A
[1A
[1A
[1A
[1A
[1A
[1A
[1A
[1A
[1A
[1A
[1A############                                                              17.7%
[1A
[1A
[1A
[1A
[1A
[1A
[1A
[1A
[1A
[1A
[1A
[1A
[1A
[1A
[1A
[1A
[1A
[1A
[1A
[1A
[1A
[1A
[1A
[1A
[1A
[1A
[1A
[1A
[1A
[1A
[1A
[1A
[1A
[1A
[1A
[1A
[1A
[1A
[1A
[1A
[1A
[1A
[1A
[1A
[1A
[1A
[1A
[1A
[1A
[1A
[1A
[1A
[1A
[1A
[1A
[1A
[1A
[1A
[1A
[1A
[1A
[1A
[1A
[1A
[1A
[1A
[1A
[1A
[1A
[1A
[1A
[1A
[1A
[1A
[1A#############                                                             19.4%
[1A
[1A
[1A
[1A
[1A
[1A
[1A
[1A
[1A
[1A
[1A
[1A
[1A
[1A
[1A
[1A
[1A
[1A
[1A
[1A
[1A
[1A
[1A
[1A
[1A
[1A
[1A
[1A
[1A
[1A
[1A
[1A
[1A
[1A
[1A
[1A
[1A
[1A
[1A
[1A
[1A
[1A
[1A
[1A
[1A
[1A
[1A
[1A
[1A
[1A
[1A
[1A
[1A
[1A
[1A
[1A
[1A
[1A
[1A
[1A
[1A
[1A
[1A
[1A
[1A
[1A
[1A
[1A
[1A
[1A
[1A
[1A
[1A
[1A
[1A
[1A
[1A###############                                                           20.9%
[1A
[1A
[1A
[1A
[1A
[1A
[1A
[1A
[1A
[1A
[1A
[1A
[1A
[1A
[1A
[1A
[1A
[1A
[1A
[1A
[1A
[1A
[1A
[1A
[1A
[1A
[1A
[1A
[1A
[1A
[1A
[1A
[1A
[1A
[1A
[1A
[1A
[1A
[1A
[1A
[1A
[1A
[1A
[1A
[1A
[1A
[1A
[1A
[1A
[1A
[1A
[1A
[1A
[1A
[1A
[1A
[1A
[1A
[1A
[1A
[1A
[1A
[1A
[1A
[1A
[1A
[1A
[1A
[1A
[1A
[1A
[1A
[1A
[1A
[1A
[1A
[1A
[1A
[1A
[1A################                                                          22.3%
[1A
[1A
[1A
[1A
[1A
[1A
[1A
[1A
[1A
[1A
[1A
[1A
[1A
[1A
[1A
[1A
[1A
[1A
[1A
[1A
[1A
[1A
[1A
[1A
[1A
[1A
[1A
[1A
[1A
[1A
[1A
[1A
[1A
[1A
[1A
[1A
[1A
[1A
[1A
[1A
[1A
[1A
[1A
[1A
[1A
[1A
[1A
[1A
[1A
[1A
[1A
[1A
[1A
[1A
[1A
[1A
[1A
[1A
[1A
[1A
[1A
[1A
[1A
[1A
[1A
[1A
[1A
[1A
[1A
[1A
[1A
[1A
[1A
[1A
[1A
[1A
[1A
[1A
[1A
[1A#################                                                         23.9%
[1A
[1A
[1A
[1A
[1A
[1A
[1A
[1A
[1A
[1A
[1A
[1A
[1A
[1A
[1A
[1A
[1A
[1A
[1A
[1A
[1A
[1A
[1A
[1A
[1A
[1A
[1A
[1A
[1A
[1A
[1A
[1A
[1A
[1A
[1A
[1A
[1A
[1A
[1A
[1A
[1A
[1A
[1A
[1A
[1A
[1A
[1A
[1A
[1A
[1A
[1A
[1A
[1A
[1A
[1A
[1A
[1A
[1A
[1A
[1A
[1A
[1A
[1A
[1A
[1A
[1A
[1A
[1A
[1A
[1A
[1A
[1A
[1A
[1A
[1A
[1A
[1A
[1A
[1A
[1A##################                                                        25.4%
[1A
[1A
[1A
[1A
[1A
[1A
[1A
[1A
[1A
[1A
[1A
[1A
[1A
[1A
[1A
[1A
[1A
[1A
[1A
[1A
[1A
[1A
[1A
[1A
[1A
[1A
[1A
[1A
[1A
[1A
[1A
[1A
[1A
[1A
[1A
[1A
[1A
[1A
[1A
[1A
[1A
[1A
[1A
[1A
[1A
[1A
[1A
[1A
[1A
[1A
[1A
[1A
[1A
[1A
[1A
[1A
[1A
[1A
[1A
[1A
[1A
[1A
[1A
[1A
[1A
[1A
[1A
[1A
[1A
[1A
[1A
[1A
[1A
[1A
[1A
[1A
[1A
[1A
[1A###################                                                       26.9%
[1A
[1A
[1A
[1A
[1A
[1A
[1A
[1A
[1A
[1A
[1A
[1A
[1A
[1A
[1A
[1A
[1A
[1A
[1A
[1A
[1A
[1A
[1A
[1A
[1A
[1A
[1A
[1A
[1A
[1A
[1A
[1A
[1A
[1A
[1A
[1A
[1A
[1A
[1A
[1A
[1A
[1A
[1A
[1A
[1A
[1A
[1A
[1A
[1A
[1A
[1A
[1A
[1A
[1A
[1A
[1A
[1A
[1A
[1A
[1A
[1A
[1A
[1A
[1A
[1A
[1A
[1A
[1A
[1A
[1A
[1A
[1A
[1A
[1A
[1A
[1A
[1A
[1A
[1A
[1A####################                                                      28.5%
[1A
[1A
[1A
[1A
[1A
[1A
[1A
[1A
[1A
[1A
[1A
[1A
[1A
[1A
[1A
[1A
[1A
[1A
[1A
[1A
[1A
[1A
[1A
[1A
[1A
[1A
[1A
[1A
[1A
[1A
[1A
[1A
[1A
[1A
[1A
[1A
[1A
[1A
[1A
[1A
[1A
[1A
[1A
[1A
[1A
[1A
[1A
[1A
[1A
[1A
[1A
[1A
[1A
[1A
[1A
[1A
[1A
[1A
[1A
[1A
[1A
[1A
[1A
[1A
[1A
[1A
[1A
[1A
[1A
[1A
[1A
[1A
[1A
[1A
[1A
[1A
[1A
[1A
[1A
[1A#####################                                                     30.3%
[1A
[1A
[1A
[1A
[1A
[1A
[1A
[1A
[1A
[1A
[1A
[1A
[1A
[1A
[1A
[1A
[1A
[1A
[1A
[1A
[1A
[1A
[1A
[1A
[1A
[1A
[1A
[1A
[1A
[1A
[1A
[1A
[1A
[1A
[1A
[1A
[1A
[1A
[1A
[1A
[1A
[1A
[1A
[1A
[1A
[1A
[1A
[1A
[1A
[1A
[1A
[1A
[1A
[1A
[1A
[1A
[1A
[1A
[1A
[1A
[1A
[1A
[1A
[1A
[1A
[1A
[1A
[1A
[1A
[1A
[1A
[1A
[1A
[1A
[1A
[1A
[1A
[1A
[1A
[1A######################                                                    30.7%
[1A
[1A
[1A
[1A
[1A
[1A
[1A
[1A
[1A
[1A
[1A
[1A
[1A
[1A
[1A
[1A
[1A
[1A
[1A
[1A
[1A
[1A
[1A
[1A
[1A
[1A
[1A
[1A
[1A
[1A
[1A
[1A
[1A
[1A
[1A
[1A
[1A
[1A
[1A
[1A
[1A
[1A
[1A
[1A
[1A
[1A
[1A
[1A
[1A
[1A
[1A
[1A
[1A
[1A
[1A
[1A
[1A
[1A
[1A
[1A
[1A
[1A
[1A
[1A
[1A
[1A
[1A
[1A
[1A
[1A
[1A
[1A
[1A
[1A
[1A
[1A
[1A
[1A
[1A
[1A######################                                                    30.9%
[1A
[1A
[1A
[1A
[1A
[1A
[1A
[1A
[1A
[1A
[1A
[1A
[1A
[1A
[1A
[1A
[1A
[1A
[1A
[1A
[1A
[1A
[1A
[1A
[1A
[1A
[1A
[1A
[1A
[1A
[1A
[1A
[1A
[1A
[1A
[1A
[1A
[1A
[1A
[1A
[1A
[1A
[1A
[1A
[1A
[1A
[1A
[1A
[1A
[1A
[1A
[1A
[1A
[1A
[1A
[1A
[1A
[1A
[1A
[1A
[1A
[1A
[1A
[1A
[1A
[1A
[1A
[1A
[1A
[1A
[1A
[1A
[1A
[1A
[1A
[1A
[1A
[1A
[1A
[1A######################                                                    31.1%
[1A
[1A
[1A
[1A
[1A
[1A
[1A
[1A
[1A
[1A
[1A
[1A
[1A
[1A
[1A
[1A
[1A
[1A
[1A
[1A
[1A
[1A
[1A
[1A
[1A
[1A
[1A
[1A
[1A
[1A
[1A
[1A
[1A
[1A
[1A
[1A
[1A
[1A
[1A
[1A
[1A
[1A
[1A
[1A
[1A
[1A
[1A
[1A
[1A
[1A
[1A
[1A
[1A
[1A
[1A
[1A
[1A
[1A
[1A
[1A
[1A
[1A
[1A
[1A
[1A
[1A
[1A
[1A
[1A
[1A
[1A
[1A
[1A
[1A
[1A
[1A
[1A
[1A
[1A
[1A######################                                                    31.2%
[1A
[1A
[1A
[1A
[1A
[1A
[1A
[1A
[1A
[1A
[1A
[1A
[1A
[1A
[1A
[1A
[1A
[1A
[1A
[1A
[1A
[1A
[1A
[1A
[1A
[1A
[1A
[1A
[1A
[1A
[1A
[1A
[1A
[1A
[1A
[1A
[1A
[1A
[1A
[1A
[1A
[1A
[1A
[1A
[1A
[1A
[1A
[1A
[1A
[1A
[1A
[1A
[1A
[1A
[1A
[1A
[1A
[1A
[1A
[1A
[1A
[1A
[1A
[1A
[1A
[1A
[1A
[1A
[1A
[1A
[1A
[1A
[1A
[1A
[1A
[1A
[1A
[1A
[1A
[1A#######################                                                   32.8%
[1A
[1A
[1A
[1A
[1A
[1A
[1A
[1A
[1A
[1A
[1A
[1A
[1A
[1A
[1A
[1A
[1A
[1A
[1A
[1A
[1A
[1A
[1A
[1A
[1A
[1A
[1A
[1A
[1A
[1A
[1A
[1A
[1A
[1A
[1A
[1A
[1A
[1A
[1A
[1A
[1A
[1A
[1A
[1A
[1A
[1A
[1A
[1A
[1A
[1A
[1A
[1A
[1A
[1A
[1A
[1A
[1A
[1A
[1A
[1A
[1A
[1A
[1A
[1A
[1A
[1A
[1A
[1A
[1A
[1A
[1A
[1A
[1A
[1A
[1A
[1A
[1A
[1A
[1A########################                                                  33.8%
[1A
[1A
[1A
[1A
[1A
[1A
[1A
[1A
[1A
[1A
[1A
[1A
[1A
[1A
[1A
[1A
[1A
[1A
[1A
[1A
[1A
[1A
[1A
[1A
[1A
[1A
[1A
[1A
[1A
[1A
[1A
[1A
[1A
[1A
[1A
[1A
[1A
[1A
[1A
[1A
[1A
[1A
[1A
[1A
[1A
[1A
[1A
[1A
[1A
[1A
[1A
[1A
[1A
[1A
[1A
[1A
[1A
[1A
[1A
[1A
[1A
[1A
[1A
[1A
[1A
[1A
[1A
[1A
[1A
[1A
[1A
[1A
[1A
[1A
[1A
[1A
[1A
[1A
[1A#########################                                                 35.2%
[1A
[1A
[1A
[1A
[1A
[1A
[1A
[1A
[1A
[1A
[1A
[1A
[1A
[1A
[1A
[1A
[1A
[1A
[1A
[1A
[1A
[1A
[1A
[1A
[1A
[1A
[1A
[1A
[1A
[1A
[1A
[1A
[1A
[1A
[1A
[1A
[1A
[1A
[1A
[1A
[1A
[1A
[1A
[1A
[1A
[1A
[1A
[1A
[1A
[1A
[1A
[1A
[1A
[1A
[1A
[1A
[1A
[1A
[1A
[1A
[1A
[1A
[1A
[1A
[1A
[1A
[1A
[1A
[1A
[1A
[1A
[1A
[1A
[1A
[1A
[1A
[1A
[1A
[1A
[1A##########################                                                36.7%
[1A
[1A
[1A
[1A
[1A
[1A
[1A
[1A
[1A
[1A
[1A
[1A
[1A
[1A
[1A
[1A
[1A
[1A
[1A
[1A
[1A
[1A
[1A
[1A
[1A
[1A
[1A
[1A
[1A
[1A
[1A
[1A
[1A
[1A
[1A
[1A
[1A
[1A
[1A
[1A
[1A
[1A
[1A
[1A
[1A
[1A
[1A
[1A
[1A
[1A
[1A
[1A
[1A
[1A
[1A
[1A
[1A
[1A
[1A
[1A
[1A
[1A
[1A
[1A
[1A
[1A
[1A
[1A
[1A
[1A
[1A
[1A
[1A
[1A
[1A
[1A
[1A
[1A
[1A
[1A###########################                                               38.2%
[1A
[1A
[1A
[1A
[1A
[1A
[1A
[1A
[1A
[1A
[1A
[1A
[1A
[1A
[1A
[1A
[1A
[1A
[1A
[1A
[1A
[1A
[1A
[1A
[1A
[1A
[1A
[1A
[1A
[1A
[1A
[1A
[1A
[1A
[1A
[1A
[1A
[1A
[1A
[1A
[1A
[1A
[1A
[1A
[1A
[1A
[1A
[1A
[1A
[1A
[1A
[1A
[1A
[1A
[1A
[1A
[1A
[1A
[1A
[1A
[1A
[1A
[1A
[1A
[1A
[1A
[1A
[1A
[1A
[1A
[1A
[1A
[1A
[1A
[1A
[1A
[1A############################                                              39.5%
[1A
[1A
[1A
[1A
[1A
[1A
[1A
[1A
[1A
[1A
[1A
[1A
[1A
[1A
[1A
[1A
[1A
[1A
[1A
[1A
[1A
[1A
[1A
[1A
[1A
[1A
[1A
[1A
[1A
[1A
[1A
[1A
[1A
[1A
[1A
[1A
[1A
[1A
[1A
[1A
[1A
[1A
[1A
[1A
[1A
[1A
[1A
[1A
[1A
[1A
[1A
[1A
[1A
[1A
[1A
[1A
[1A
[1A
[1A
[1A
[1A
[1A
[1A
[1A
[1A
[1A
[1A
[1A
[1A
[1A
[1A
[1A
[1A
[1A
[1A
[1A
[1A
[1A
[1A#############################                                             40.5%
[1A
[1A
[1A
[1A
[1A
[1A
[1A
[1A
[1A
[1A
[1A
[1A
[1A
[1A
[1A
[1A
[1A
[1A
[1A
[1A
[1A
[1A
[1A
[1A
[1A
[1A
[1A
[1A
[1A
[1A
[1A
[1A
[1A
[1A
[1A
[1A
[1A
[1A
[1A
[1A
[1A
[1A
[1A
[1A
[1A
[1A
[1A
[1A
[1A
[1A
[1A
[1A
[1A
[1A
[1A
[1A
[1A
[1A
[1A
[1A
[1A
[1A
[1A
[1A
[1A
[1A
[1A
[1A
[1A
[1A
[1A
[1A
[1A
[1A
[1A
[1A
[1A
[1A
[1A#############################                                             41.5%
[1A
[1A
[1A
[1A
[1A
[1A
[1A
[1A
[1A
[1A
[1A
[1A
[1A
[1A
[1A
[1A
[1A
[1A
[1A
[1A
[1A
[1A
[1A
[1A
[1A
[1A
[1A
[1A
[1A
[1A
[1A
[1A
[1A
[1A
[1A
[1A
[1A
[1A
[1A
[1A
[1A
[1A
[1A
[1A
[1A
[1A
[1A
[1A
[1A
[1A
[1A
[1A
[1A
[1A
[1A
[1A
[1A
[1A
[1A
[1A
[1A
[1A
[1A
[1A
[1A
[1A
[1A
[1A
[1A
[1A
[1A
[1A
[1A
[1A
[1A
[1A
[1A
[1A
[1A
[1A##############################                                            42.3%
[1A
[1A
[1A
[1A
[1A
[1A
[1A
[1A
[1A
[1A
[1A
[1A
[1A
[1A
[1A
[1A
[1A
[1A
[1A
[1A
[1A
[1A
[1A
[1A
[1A
[1A
[1A
[1A
[1A
[1A
[1A
[1A
[1A
[1A
[1A
[1A
[1A
[1A
[1A
[1A
[1A
[1A
[1A
[1A
[1A
[1A
[1A
[1A
[1A
[1A
[1A
[1A
[1A
[1A
[1A
[1A
[1A
[1A
[1A
[1A
[1A
[1A
[1A
[1A
[1A
[1A
[1A
[1A
[1A
[1A
[1A
[1A
[1A
[1A
[1A
[1A
[1A
[1A
[1A###############################                                           43.1%
[1A
[1A
[1A
[1A
[1A
[1A
[1A
[1A
[1A
[1A
[1A
[1A
[1A
[1A
[1A
[1A
[1A
[1A
[1A
[1A
[1A
[1A
[1A
[1A
[1A
[1A
[1A
[1A
[1A
[1A
[1A
[1A
[1A
[1A
[1A
[1A
[1A
[1A
[1A
[1A
[1A
[1A
[1A
[1A
[1A
[1A
[1A
[1A
[1A
[1A
[1A
[1A
[1A
[1A
[1A
[1A
[1A
[1A
[1A
[1A
[1A
[1A
[1A
[1A
[1A
[1A
[1A
[1A
[1A
[1A
[1A
[1A
[1A
[1A
[1A
[1A
[1A
[1A###############################                                           44.3%
[1A
[1A
[1A
[1A
[1A
[1A
[1A
[1A
[1A
[1A
[1A
[1A
[1A
[1A
[1A
[1A
[1A
[1A
[1A
[1A
[1A
[1A
[1A
[1A
[1A
[1A
[1A
[1A
[1A
[1A
[1A
[1A
[1A
[1A
[1A
[1A
[1A
[1A
[1A
[1A
[1A
[1A
[1A
[1A
[1A
[1A
[1A
[1A
[1A
[1A
[1A
[1A
[1A
[1A
[1A
[1A
[1A
[1A
[1A
[1A
[1A
[1A
[1A
[1A
[1A
[1A
[1A
[1A
[1A
[1A
[1A
[1A
[1A
[1A
[1A
[1A
[1A
[1A
[1A
[1A#################################                                         46.0%
[1A
[1A
[1A
[1A
[1A
[1A
[1A
[1A
[1A
[1A
[1A
[1A
[1A
[1A
[1A
[1A
[1A
[1A
[1A
[1A
[1A
[1A
[1A
[1A
[1A
[1A
[1A
[1A
[1A
[1A
[1A
[1A
[1A
[1A
[1A
[1A
[1A
[1A
[1A
[1A
[1A
[1A
[1A
[1A
[1A
[1A
[1A
[1A
[1A
[1A
[1A
[1A
[1A
[1A
[1A
[1A
[1A
[1A
[1A
[1A
[1A
[1A
[1A
[1A
[1A
[1A
[1A
[1A
[1A
[1A
[1A
[1A
[1A
[1A
[1A
[1A
[1A
[1A
[1A
[1A##################################                                        47.3%
[1A
[1A
[1A
[1A
[1A
[1A
[1A
[1A
[1A
[1A
[1A
[1A
[1A
[1A
[1A
[1A
[1A
[1A
[1A
[1A
[1A
[1A
[1A
[1A
[1A
[1A
[1A
[1A
[1A
[1A
[1A
[1A
[1A
[1A
[1A
[1A
[1A
[1A
[1A
[1A
[1A
[1A
[1A
[1A
[1A
[1A
[1A
[1A
[1A
[1A
[1A
[1A
[1A
[1A
[1A
[1A
[1A
[1A
[1A
[1A
[1A
[1A
[1A
[1A
[1A
[1A
[1A
[1A
[1A
[1A
[1A
[1A
[1A
[1A
[1A
[1A
[1A
[1A
[1A
[1A###################################                                       48.7%
[1A
[1A
[1A
[1A
[1A
[1A
[1A
[1A
[1A
[1A
[1A
[1A
[1A
[1A
[1A
[1A
[1A
[1A
[1A
[1A
[1A
[1A
[1A
[1A
[1A
[1A
[1A
[1A
[1A
[1A
[1A
[1A
[1A
[1A
[1A
[1A
[1A
[1A
[1A
[1A
[1A
[1A
[1A
[1A
[1A
[1A
[1A
[1A
[1A
[1A
[1A
[1A
[1A
[1A
[1A
[1A
[1A
[1A
[1A
[1A
[1A
[1A
[1A
[1A
[1A
[1A
[1A
[1A
[1A
[1A
[1A
[1A
[1A
[1A
[1A
[1A
[1A
[1A
[1A
[1A####################################                                      50.1%
[1A
[1A
[1A
[1A
[1A
[1A
[1A
[1A
[1A
[1A
[1A
[1A
[1A
[1A
[1A
[1A
[1A
[1A
[1A
[1A
[1A
[1A
[1A
[1A
[1A
[1A
[1A
[1A
[1A
[1A
[1A
[1A
[1A
[1A
[1A
[1A
[1A
[1A
[1A
[1A
[1A
[1A
[1A
[1A
[1A
[1A
[1A
[1A
[1A
[1A
[1A
[1A
[1A
[1A
[1A
[1A
[1A
[1A
[1A
[1A
[1A
[1A
[1A
[1A
[1A
[1A
[1A
[1A
[1A
[1A
[1A
[1A
[1A
[1A
[1A
[1A
[1A
[1A
[1A
[1A#####################################                                     51.5%
[1A
[1A
[1A
[1A
[1A
[1A
[1A
[1A
[1A
[1A
[1A
[1A
[1A
[1A
[1A
[1A
[1A
[1A
[1A
[1A
[1A
[1A
[1A
[1A
[1A
[1A
[1A
[1A
[1A
[1A
[1A
[1A
[1A
[1A
[1A
[1A
[1A
[1A
[1A
[1A
[1A
[1A
[1A
[1A
[1A
[1A
[1A
[1A
[1A
[1A
[1A
[1A
[1A
[1A
[1A
[1A
[1A
[1A
[1A
[1A
[1A
[1A
[1A
[1A
[1A
[1A
[1A
[1A
[1A
[1A
[1A
[1A
[1A
[1A
[1A
[1A
[1A
[1A
[1A#####################################                                     52.4%
[1A
[1A
[1A
[1A
[1A
[1A
[1A
[1A
[1A
[1A
[1A
[1A
[1A
[1A
[1A
[1A
[1A
[1A
[1A
[1A
[1A
[1A
[1A
[1A
[1A
[1A
[1A
[1A
[1A
[1A
[1A
[1A
[1A
[1A
[1A
[1A
[1A
[1A
[1A
[1A
[1A
[1A
[1A
[1A
[1A
[1A
[1A
[1A
[1A
[1A
[1A
[1A
[1A
[1A
[1A
[1A
[1A
[1A
[1A
[1A
[1A
[1A
[1A
[1A
[1A
[1A
[1A
[1A
[1A
[1A
[1A
[1A
[1A
[1A
[1A
[1A
[1A
[1A
[1A######################################                                    53.9%
[1A
[1A
[1A
[1A
[1A
[1A
[1A
[1A
[1A
[1A
[1A
[1A
[1A
[1A
[1A
[1A
[1A
[1A
[1A
[1A
[1A
[1A
[1A
[1A
[1A
[1A
[1A
[1A
[1A
[1A
[1A
[1A
[1A
[1A
[1A
[1A
[1A
[1A
[1A
[1A
[1A
[1A
[1A
[1A
[1A
[1A
[1A
[1A
[1A
[1A
[1A
[1A
[1A
[1A
[1A
[1A
[1A
[1A
[1A
[1A
[1A
[1A
[1A
[1A
[1A
[1A
[1A
[1A
[1A
[1A
[1A
[1A
[1A
[1A
[1A
[1A
[1A
[1A
[1A
[1A#######################################                                   55.3%
[1A
[1A
[1A
[1A
[1A
[1A
[1A
[1A
[1A
[1A
[1A
[1A
[1A
[1A
[1A
[1A
[1A
[1A
[1A
[1A
[1A
[1A
[1A
[1A
[1A
[1A
[1A
[1A
[1A
[1A
[1A
[1A
[1A
[1A
[1A
[1A
[1A
[1A
[1A
[1A
[1A
[1A
[1A
[1A
[1A
[1A
[1A
[1A
[1A
[1A
[1A
[1A
[1A
[1A
[1A
[1A
[1A
[1A
[1A
[1A
[1A
[1A
[1A
[1A
[1A
[1A
[1A
[1A
[1A
[1A
[1A
[1A
[1A
[1A
[1A
[1A
[1A
[1A
[1A#########################################                                 57.0%
[1A
[1A
[1A
[1A
[1A
[1A
[1A
[1A
[1A
[1A
[1A
[1A
[1A
[1A
[1A
[1A
[1A
[1A
[1A
[1A
[1A
[1A
[1A
[1A
[1A
[1A
[1A
[1A
[1A
[1A
[1A
[1A
[1A
[1A
[1A
[1A
[1A
[1A
[1A
[1A
[1A
[1A
[1A
[1A
[1A
[1A
[1A
[1A
[1A
[1A
[1A
[1A
[1A
[1A
[1A
[1A
[1A
[1A
[1A
[1A
[1A
[1A
[1A
[1A
[1A
[1A
[1A
[1A
[1A
[1A
[1A
[1A
[1A
[1A
[1A
[1A
[1A
[1A
[1A
[1A##########################################                                58.5%
[1A
[1A
[1A
[1A
[1A
[1A
[1A
[1A
[1A
[1A
[1A
[1A
[1A
[1A
[1A
[1A
[1A
[1A
[1A
[1A
[1A
[1A
[1A
[1A
[1A
[1A
[1A
[1A
[1A
[1A
[1A
[1A
[1A
[1A
[1A
[1A
[1A
[1A
[1A
[1A
[1A
[1A
[1A
[1A
[1A
[1A
[1A
[1A
[1A
[1A
[1A
[1A
[1A
[1A
[1A
[1A
[1A
[1A
[1A
[1A
[1A
[1A
[1A
[1A
[1A
[1A
[1A
[1A
[1A
[1A
[1A
[1A
[1A
[1A
[1A
[1A
[1A
[1A
[1A
[1A##########################################                                59.4%
[1A
[1A
[1A
[1A
[1A
[1A
[1A
[1A
[1A
[1A
[1A
[1A
[1A
[1A
[1A
[1A
[1A
[1A
[1A
[1A
[1A
[1A
[1A
[1A
[1A
[1A
[1A
[1A
[1A
[1A
[1A
[1A
[1A
[1A
[1A
[1A
[1A
[1A
[1A
[1A
[1A
[1A
[1A
[1A
[1A
[1A
[1A
[1A
[1A
[1A
[1A
[1A
[1A
[1A
[1A
[1A
[1A
[1A
[1A
[1A
[1A
[1A
[1A
[1A
[1A
[1A
[1A
[1A
[1A
[1A
[1A
[1A
[1A
[1A
[1A
[1A
[1A
[1A
[1A
[1A###########################################                               60.9%
[1A
[1A
[1A
[1A
[1A
[1A
[1A
[1A
[1A
[1A
[1A
[1A
[1A
[1A
[1A
[1A
[1A
[1A
[1A
[1A
[1A
[1A
[1A
[1A
[1A
[1A
[1A
[1A
[1A
[1A
[1A
[1A
[1A
[1A
[1A
[1A
[1A
[1A
[1A
[1A
[1A
[1A
[1A
[1A
[1A
[1A
[1A
[1A
[1A
[1A
[1A
[1A
[1A
[1A
[1A
[1A
[1A
[1A
[1A
[1A
[1A
[1A
[1A
[1A
[1A
[1A
[1A
[1A
[1A
[1A
[1A
[1A
[1A
[1A
[1A
[1A
[1A
[1A
[1A
[1A############################################                              62.4%
[1A
[1A
[1A
[1A
[1A
[1A
[1A
[1A
[1A
[1A
[1A
[1A
[1A
[1A
[1A
[1A
[1A
[1A
[1A
[1A
[1A
[1A
[1A
[1A
[1A
[1A
[1A
[1A
[1A
[1A
[1A
[1A
[1A
[1A
[1A
[1A
[1A
[1A
[1A
[1A
[1A
[1A
[1A
[1A
[1A
[1A
[1A
[1A
[1A
[1A
[1A
[1A
[1A
[1A
[1A
[1A
[1A
[1A
[1A
[1A
[1A
[1A
[1A
[1A
[1A
[1A
[1A
[1A
[1A
[1A
[1A
[1A
[1A
[1A
[1A
[1A
[1A
[1A
[1A
[1A##############################################                            64.0%
[1A
[1A
[1A
[1A
[1A
[1A
[1A
[1A
[1A
[1A
[1A
[1A
[1A
[1A
[1A
[1A
[1A
[1A
[1A
[1A
[1A
[1A
[1A
[1A
[1A
[1A
[1A
[1A
[1A
[1A
[1A
[1A
[1A
[1A
[1A
[1A
[1A
[1A
[1A
[1A
[1A
[1A
[1A
[1A
[1A
[1A
[1A
[1A
[1A
[1A
[1A
[1A
[1A
[1A
[1A
[1A
[1A
[1A
[1A
[1A
[1A
[1A
[1A
[1A
[1A
[1A
[1A
[1A
[1A
[1A
[1A
[1A
[1A
[1A
[1A
[1A
[1A
[1A
[1A###############################################                           65.5%
[1A
[1A
[1A
[1A
[1A
[1A
[1A
[1A
[1A
[1A
[1A
[1A
[1A
[1A
[1A
[1A
[1A
[1A
[1A
[1A
[1A
[1A
[1A
[1A
[1A
[1A
[1A
[1A
[1A
[1A
[1A
[1A
[1A
[1A
[1A
[1A
[1A
[1A
[1A
[1A
[1A
[1A
[1A
[1A
[1A
[1A
[1A
[1A
[1A
[1A
[1A
[1A
[1A
[1A
[1A
[1A
[1A
[1A
[1A
[1A
[1A
[1A
[1A
[1A
[1A
[1A
[1A
[1A
[1A
[1A
[1A
[1A
[1A
[1A
[1A
[1A
[1A
[1A
[1A################################################                          67.2%
[1A
[1A
[1A
[1A
[1A
[1A
[1A
[1A
[1A
[1A
[1A
[1A
[1A
[1A
[1A
[1A
[1A
[1A
[1A
[1A
[1A
[1A
[1A
[1A
[1A
[1A
[1A
[1A
[1A
[1A
[1A
[1A
[1A
[1A
[1A
[1A
[1A
[1A
[1A
[1A
[1A
[1A
[1A
[1A
[1A
[1A
[1A
[1A
[1A
[1A
[1A
[1A
[1A
[1A
[1A
[1A
[1A
[1A
[1A
[1A
[1A
[1A
[1A
[1A
[1A
[1A
[1A
[1A
[1A
[1A
[1A
[1A
[1A
[1A
[1A
[1A
[1A
[1A
[1A#################################################                         68.7%
[1A
[1A
[1A
[1A
[1A
[1A
[1A
[1A
[1A
[1A
[1A
[1A
[1A
[1A
[1A
[1A
[1A
[1A
[1A
[1A
[1A
[1A
[1A
[1A
[1A
[1A
[1A
[1A
[1A
[1A
[1A
[1A
[1A
[1A
[1A
[1A
[1A
[1A
[1A
[1A
[1A
[1A
[1A
[1A
[1A
[1A
[1A
[1A
[1A
[1A
[1A
[1A
[1A
[1A
[1A
[1A
[1A
[1A
[1A
[1A
[1A
[1A
[1A
[1A
[1A
[1A
[1A
[1A
[1A
[1A
[1A
[1A
[1A
[1A
[1A
[1A
[1A
[1A
[1A
[1A##################################################                        70.2%
[1A
[1A
[1A
[1A
[1A
[1A
[1A
[1A
[1A
[1A
[1A
[1A
[1A
[1A
[1A
[1A
[1A
[1A
[1A
[1A
[1A
[1A
[1A
[1A
[1A
[1A
[1A
[1A
[1A
[1A
[1A
[1A
[1A
[1A
[1A
[1A
[1A
[1A
[1A
[1A
[1A
[1A
[1A
[1A
[1A
[1A
[1A
[1A
[1A
[1A
[1A
[1A
[1A
[1A
[1A
[1A
[1A
[1A
[1A
[1A
[1A
[1A
[1A
[1A
[1A
[1A
[1A
[1A
[1A
[1A
[1A
[1A
[1A
[1A
[1A
[1A
[1A
[1A
[1A###################################################                       71.6%
[1A
[1A
[1A
[1A
[1A
[1A
[1A
[1A
[1A
[1A
[1A
[1A
[1A
[1A
[1A
[1A
[1A
[1A
[1A
[1A
[1A
[1A
[1A
[1A
[1A
[1A
[1A
[1A
[1A
[1A
[1A
[1A
[1A
[1A
[1A
[1A
[1A
[1A
[1A
[1A
[1A
[1A
[1A
[1A
[1A
[1A
[1A
[1A
[1A
[1A
[1A
[1A
[1A
[1A
[1A
[1A
[1A
[1A
[1A
[1A
[1A
[1A
[1A
[1A
[1A
[1A
[1A
[1A
[1A
[1A
[1A
[1A
[1A
[1A
[1A
[1A
[1A
[1A
[1A###################################################                       71.9%
[1A
[1A
[1A
[1A
[1A
[1A
[1A
[1A
[1A
[1A
[1A
[1A
[1A
[1A
[1A
[1A
[1A
[1A
[1A
[1A
[1A
[1A
[1A
[1A
[1A
[1A
[1A
[1A
[1A
[1A
[1A
[1A
[1A
[1A
[1A
[1A
[1A
[1A
[1A
[1A
[1A
[1A
[1A
[1A
[1A
[1A
[1A
[1A
[1A
[1A
[1A
[1A
[1A
[1A
[1A
[1A
[1A
[1A
[1A
[1A
[1A
[1A
[1A
[1A
[1A
[1A
[1A
[1A
[1A
[1A
[1A
[1A
[1A
[1A
[1A
[1A
[1A
[1A
[1A
[1A###################################################                       72.2%
[1A
[1A
[1A
[1A
[1A
[1A
[1A
[1A
[1A
[1A
[1A
[1A
[1A
[1A
[1A
[1A
[1A
[1A
[1A
[1A
[1A
[1A
[1A
[1A
[1A
[1A
[1A
[1A
[1A
[1A
[1A
[1A
[1A
[1A
[1A
[1A
[1A
[1A
[1A
[1A
[1A
[1A
[1A
[1A
[1A
[1A
[1A
[1A
[1A
[1A
[1A
[1A
[1A
[1A
[1A
[1A
[1A
[1A
[1A
[1A
[1A
[1A
[1A
[1A
[1A
[1A
[1A
[1A
[1A
[1A
[1A
[1A
[1A
[1A
[1A
[1A
[1A
[1A
[1A
[1A####################################################                      72.7%
[1A
[1A
[1A
[1A
[1A
[1A
[1A
[1A
[1A
[1A
[1A
[1A
[1A
[1A
[1A
[1A
[1A
[1A
[1A
[1A
[1A
[1A
[1A
[1A
[1A
[1A
[1A
[1A
[1A
[1A
[1A
[1A
[1A
[1A
[1A
[1A
[1A
[1A
[1A
[1A
[1A
[1A
[1A
[1A
[1A
[1A
[1A
[1A
[1A
[1A
[1A
[1A
[1A
[1A
[1A
[1A
[1A
[1A
[1A
[1A
[1A
[1A
[1A
[1A
[1A
[1A
[1A
[1A
[1A
[1A
[1A
[1A
[1A
[1A
[1A
[1A
[1A
[1A
[1A
[1A#####################################################                     74.1%
[1A
[1A
[1A
[1A
[1A
[1A
[1A
[1A
[1A
[1A
[1A
[1A
[1A
[1A
[1A
[1A
[1A
[1A
[1A
[1A
[1A
[1A
[1A
[1A
[1A
[1A
[1A
[1A
[1A
[1A
[1A
[1A
[1A
[1A
[1A
[1A
[1A
[1A
[1A
[1A
[1A
[1A
[1A
[1A
[1A
[1A
[1A
[1A
[1A
[1A
[1A
[1A
[1A
[1A
[1A
[1A
[1A
[1A
[1A
[1A
[1A
[1A
[1A
[1A
[1A
[1A
[1A
[1A
[1A
[1A
[1A
[1A
[1A
[1A
[1A
[1A
[1A
[1A
[1A
[1A######################################################                    75.5%
[1A
[1A
[1A
[1A
[1A
[1A
[1A
[1A
[1A
[1A
[1A
[1A
[1A
[1A
[1A
[1A
[1A
[1A
[1A
[1A
[1A
[1A
[1A
[1A
[1A
[1A
[1A
[1A
[1A
[1A
[1A
[1A
[1A
[1A
[1A
[1A
[1A
[1A
[1A
[1A
[1A
[1A
[1A
[1A
[1A
[1A
[1A
[1A
[1A
[1A
[1A
[1A
[1A
[1A
[1A
[1A
[1A
[1A
[1A
[1A
[1A
[1A
[1A
[1A
[1A
[1A
[1A
[1A
[1A
[1A
[1A
[1A
[1A
[1A
[1A
[1A
[1A
[1A
[1A
[1A#######################################################                   77.1%
[1A
[1A
[1A
[1A
[1A
[1A
[1A
[1A
[1A
[1A
[1A
[1A
[1A
[1A
[1A
[1A
[1A
[1A
[1A
[1A
[1A
[1A
[1A
[1A
[1A
[1A
[1A
[1A
[1A
[1A
[1A
[1A
[1A
[1A
[1A
[1A
[1A
[1A
[1A
[1A
[1A
[1A
[1A
[1A
[1A
[1A
[1A
[1A
[1A
[1A
[1A
[1A
[1A
[1A
[1A
[1A
[1A
[1A
[1A
[1A
[1A
[1A
[1A
[1A
[1A
[1A
[1A
[1A
[1A
[1A
[1A
[1A
[1A
[1A
[1A
[1A
[1A
[1A
[1A
[1A########################################################                  78.9%
[1A
[1A
[1A
[1A
[1A
[1A
[1A
[1A
[1A
[1A
[1A
[1A
[1A
[1A
[1A
[1A
[1A
[1A
[1A
[1A
[1A
[1A
[1A
[1A
[1A
[1A
[1A
[1A
[1A
[1A
[1A
[1A
[1A
[1A
[1A
[1A
[1A
[1A
[1A
[1A
[1A
[1A
[1A
[1A
[1A
[1A
[1A
[1A
[1A
[1A
[1A
[1A
[1A
[1A
[1A
[1A
[1A
[1A
[1A
[1A
[1A
[1A
[1A
[1A
[1A
[1A
[1A
[1A
[1A
[1A
[1A
[1A
[1A
[1A
[1A
[1A
[1A
[1A
[1A
[1A#########################################################                 80.5%
[1A
[1A
[1A
[1A
[1A
[1A
[1A
[1A
[1A
[1A
[1A
[1A
[1A
[1A
[1A
[1A
[1A
[1A
[1A
[1A
[1A
[1A
[1A
[1A
[1A
[1A
[1A
[1A
[1A
[1A
[1A
[1A
[1A
[1A
[1A
[1A
[1A
[1A
[1A
[1A
[1A
[1A
[1A
[1A
[1A
[1A
[1A
[1A
[1A
[1A
[1A
[1A
[1A
[1A
[1A
[1A
[1A
[1A
[1A
[1A
[1A
[1A
[1A
[1A
[1A
[1A
[1A
[1A
[1A
[1A
[1A
[1A
[1A
[1A
[1A
[1A
[1A
[1A
[1A
[1A###########################################################               82.3%
[1A
[1A
[1A
[1A
[1A
[1A
[1A
[1A
[1A
[1A
[1A
[1A
[1A
[1A
[1A
[1A
[1A
[1A
[1A
[1A
[1A
[1A
[1A
[1A
[1A
[1A
[1A
[1A
[1A
[1A
[1A
[1A
[1A
[1A
[1A
[1A
[1A
[1A
[1A
[1A
[1A
[1A
[1A
[1A
[1A
[1A
[1A
[1A
[1A
[1A
[1A
[1A
[1A
[1A
[1A
[1A
[1A
[1A
[1A
[1A
[1A
[1A
[1A
[1A
[1A
[1A
[1A
[1A
[1A
[1A
[1A
[1A
[1A
[1A
[1A
[1A
[1A
[1A
[1A
[1A############################################################              84.0%
[1A
[1A
[1A
[1A
[1A
[1A
[1A
[1A
[1A
[1A
[1A
[1A
[1A
[1A
[1A
[1A
[1A
[1A
[1A
[1A
[1A
[1A
[1A
[1A
[1A
[1A
[1A
[1A
[1A
[1A
[1A
[1A
[1A
[1A
[1A
[1A
[1A
[1A
[1A
[1A
[1A
[1A
[1A
[1A
[1A
[1A
[1A
[1A
[1A
[1A
[1A
[1A
[1A
[1A
[1A
[1A
[1A
[1A
[1A
[1A
[1A
[1A
[1A
[1A
[1A
[1A
[1A
[1A
[1A
[1A
[1A
[1A
[1A
[1A
[1A
[1A
[1A
[1A
[1A
[1A#############################################################             85.7%
[1A
[1A
[1A
[1A
[1A
[1A
[1A
[1A
[1A
[1A
[1A
[1A
[1A
[1A
[1A
[1A
[1A
[1A
[1A
[1A
[1A
[1A
[1A
[1A
[1A
[1A
[1A
[1A
[1A
[1A
[1A
[1A
[1A
[1A
[1A
[1A
[1A
[1A
[1A
[1A
[1A
[1A
[1A
[1A
[1A
[1A
[1A
[1A
[1A
[1A
[1A
[1A
[1A
[1A
[1A
[1A
[1A
[1A
[1A
[1A
[1A
[1A
[1A
[1A
[1A
[1A
[1A
[1A
[1A
[1A
[1A
[1A
[1A
[1A
[1A
[1A
[1A
[1A##############################################################            87.1%
[1A
[1A
[1A
[1A
[1A
[1A
[1A
[1A
[1A
[1A
[1A
[1A
[1A
[1A
[1A
[1A
[1A
[1A
[1A
[1A
[1A
[1A
[1A
[1A
[1A
[1A
[1A
[1A
[1A
[1A
[1A
[1A
[1A
[1A
[1A
[1A
[1A
[1A
[1A
[1A
[1A
[1A
[1A
[1A
[1A
[1A
[1A
[1A
[1A
[1A
[1A
[1A
[1A
[1A
[1A
[1A
[1A
[1A
[1A
[1A
[1A
[1A
[1A
[1A
[1A
[1A
[1A
[1A
[1A
[1A
[1A
[1A
[1A
[1A
[1A
[1A
[1A
[1A
[1A
[1A###############################################################           88.6%
[1A
[1A
[1A
[1A
[1A
[1A
[1A
[1A
[1A
[1A
[1A
[1A
[1A
[1A
[1A
[1A
[1A
[1A
[1A
[1A
[1A
[1A
[1A
[1A
[1A
[1A
[1A
[1A
[1A
[1A
[1A
[1A
[1A
[1A
[1A
[1A
[1A
[1A
[1A
[1A
[1A
[1A
[1A
[1A
[1A
[1A
[1A
[1A
[1A
[1A
[1A
[1A
[1A
[1A
[1A
[1A
[1A
[1A
[1A
[1A
[1A
[1A
[1A
[1A
[1A
[1A
[1A
[1A
[1A
[1A
[1A
[1A
[1A
[1A
[1A
[1A
[1A
[1A
[1A
[1A################################################################          89.7%
[1A
[1A
[1A
[1A
[1A
[1A
[1A
[1A
[1A
[1A
[1A
[1A
[1A
[1A
[1A
[1A
[1A
[1A
[1A
[1A
[1A
[1A
[1A
[1A
[1A
[1A
[1A
[1A
[1A
[1A
[1A
[1A
[1A
[1A
[1A
[1A
[1A
[1A
[1A
[1A
[1A
[1A
[1A
[1A
[1A
[1A
[1A
[1A
[1A
[1A
[1A
[1A
[1A
[1A
[1A
[1A
[1A
[1A
[1A
[1A
[1A
[1A
[1A
[1A
[1A
[1A
[1A
[1A
[1A
[1A
[1A
[1A
[1A
[1A
[1A
[1A
[1A
[1A#################################################################         91.1%
[1A
[1A
[1A
[1A
[1A
[1A
[1A
[1A
[1A
[1A
[1A
[1A
[1A
[1A
[1A
[1A
[1A
[1A
[1A
[1A
[1A
[1A
[1A
[1A
[1A
[1A
[1A
[1A
[1A
[1A
[1A
[1A
[1A
[1A
[1A
[1A
[1A
[1A
[1A
[1A
[1A
[1A
[1A
[1A
[1A
[1A
[1A
[1A
[1A
[1A
[1A
[1A
[1A
[1A
[1A
[1A
[1A
[1A
[1A
[1A
[1A
[1A
[1A
[1A
[1A
[1A
[1A
[1A
[1A
[1A
[1A
[1A
[1A
[1A
[1A##################################################################        92.5%
[1A
[1A
[1A
[1A
[1A
[1A
[1A
[1A
[1A
[1A
[1A
[1A
[1A
[1A
[1A
[1A
[1A
[1A
[1A
[1A
[1A
[1A
[1A
[1A
[1A
[1A
[1A
[1A
[1A
[1A
[1A
[1A
[1A
[1A
[1A
[1A
[1A
[1A
[1A
[1A
[1A
[1A
[1A
[1A
[1A
[1A
[1A
[1A
[1A
[1A
[1A
[1A
[1A
[1A
[1A
[1A
[1A
[1A
[1A
[1A
[1A
[1A
[1A
[1A
[1A
[1A
[1A
[1A
[1A
[1A
[1A
[1A
[1A
[1A
[1A
[1A
[1A
[1A
[1A
[1A###################################################################       94.1%
[1A
[1A
[1A
[1A
[1A
[1A
[1A
[1A
[1A
[1A
[1A
[1A
[1A
[1A
[1A
[1A
[1A
[1A
[1A
[1A
[1A
[1A
[1A
[1A
[1A
[1A
[1A
[1A
[1A
[1A
[1A
[1A
[1A
[1A
[1A
[1A
[1A
[1A
[1A
[1A
[1A
[1A
[1A
[1A
[1A
[1A
[1A
[1A
[1A
[1A
[1A
[1A
[1A
[1A
[1A
[1A
[1A
[1A
[1A
[1A
[1A
[1A
[1A
[1A
[1A
[1A
[1A
[1A
[1A
[1A
[1A
[1A
[1A
[1A
[1A
[1A
[1A
[1A
[1A####################################################################      95.6%
[1A
[1A
[1A
[1A
[1A
[1A
[1A
[1A
[1A
[1A
[1A
[1A
[1A
[1A
[1A
[1A
[1A
[1A
[1A
[1A
[1A
[1A
[1A
[1A
[1A
[1A
[1A
[1A
[1A
[1A
[1A
[1A
[1A
[1A
[1A
[1A
[1A
[1A
[1A
[1A
[1A
[1A
[1A
[1A
[1A
[1A
[1A
[1A
[1A
[1A
[1A
[1A
[1A
[1A
[1A
[1A
[1A
[1A
[1A
[1A
[1A
[1A
[1A
[1A
[1A
[1A
[1A
[1A
[1A
[1A
[1A
[1A
[1A
[1A
[1A
[1A#####################################################################     97.0%
[1A
[1A
[1A
[1A
[1A
[1A
[1A
[1A
[1A
[1A
[1A
[1A
[1A
[1A
[1A
[1A
[1A
[1A
[1A
[1A
[1A
[1A
[1A
[1A
[1A
[1A
[1A
[1A
[1A
[1A
[1A
[1A
[1A
[1A
[1A
[1A
[1A
[1A
[1A
[1A
[1A
[1A
[1A
[1A
[1A
[1A
[1A
[1A
[1A
[1A
[1A
[1A
[1A
[1A
[1A
[1A
[1A
[1A
[1A
[1A
[1A
[1A
[1A
[1A
[1A
[1A
[1A
[1A
[1A
[1A
[1A
[1A
[1A
[1A
[1A######################################################################    98.6%
[1A
[1A
[1A
[1A
[1A
[1A
[1A
[1A
[1A
[1A
[1A
[1A
[1A
[1A
[1A
[1A
[1A
[1A
[1A
[1A
[1A
[1A
[1A
[1A
[1A
[1A
[1A
[1A
[1A
[1A
[1A
[1A
[1A
[1A
[1A
[1A
[1A
[1A
[1A
[1A
[1A
[1A
[1A
[1A
[1A
[1A
[1A
[1A
[1A
[1A
[1A
[1A
[1A
[1A
[1A
[1A
[1A
[1A
[1A
[1A
[1A
[1A
[1A
[1A
[1A
[1A
[1A
[1A
[1A
[1A
[1A
[1A
[1A
[1A
[1A
[1A
[1A
[1A
[1A
[1A#######################################################################   99.4%
[1A
[1A
[1A
[1A
[1A
[1A
[1A
[1A
[1A
[1A
[1A
[1A
[1A
[1A
[1A
[1A
[1A
[1A
[1A
[1A
[1A
[1A
[1A
[1A
[1A
[1A
[1A
[1A
[1A
[1A
[1A
[1A
[1A
[1A
[1A
[1A
[1A
[1A
[1A
[1A
[1A
[1A
[1A
[1A
[1A
[1A
[1A
[1A
[1A
[1A
[1A
[1A
[1A
[1A
[1A
[1A
[1A
[1A
[1A
[1A
[1A
[1A
[1A
[1A
[1A
[1A
[1A
[1A
[1A
[1A
[1A
[1A
[1A
[1A
[1A
[1A
[1A
[1A
[1A
[1A#######################################################################   99.8%
[1A
[1A
[1A
[1A
[1A
[1A
[1A
[1A
[1A
[1A
[1A
[1A
[1A
[1A
[1A
[1A
[1A
[1A
[1A
[1A
[1A
[1A
[1A
[1A
[1A
[1A
[1A
[1A
[1A
[1A
[1A
[1A
[1A
[1A
[1A
[1A
[1A
[1A
[1A
[1A
[1A
[1A
[1A
[1A
[1A
[1A
[1A
[1A
[1A
[1A
[1A
[1A
[1A
[1A
[1A
[1A
[1A
[1A
[1A
[1A
[1A
[1A
[1A
[1A
[1A
[1A
[1A
[1A
[1A
[1A
[1A
[1A
[1A
[1A
[1A
[1A
[1A
[1A
[1A
[1A######################################################################## 100.0%
[1m[31mWARNING:(B[m Unable to detect NVIDIA/AMD GPU. Install lspci or lshw to automatically detect and install GPU dependencies.
>>> The Ollama API is now available at 127.0.0.1:11434.
>>> Install complete. Run "ollama" from the command line.

=> Step 2: RUN (ollama serve &) && sleep 8 && ollama pull qwen2.5-coder:1.5b && ollama pull qwen2.5-coder:7b && sleep 2
Couldn't find '/root/.ollama/id_ed25519'. Generating new private key.
Your new public key is: 

ssh-ed25519 AAAAC3NzaC1lZDI1NTE5AAAAII9k7VMJT0wBBIyIZsa7y/snNsyWqEUiFhLspXX1Ao2Q

time=2026-09-27T03:41:47.409Z level=INFO source=routes.go:1955 msg="server config" env="map[CUDA_VISIBLE_DEVICES: GGML_VK_VISIBLE_DEVICES: GPU_DEVICE_ORDINAL: HIP_VISIBLE_DEVICES: HSA_OVERRIDE_GFX_VERSION: HTTPS_PROXY: HTTP_PROXY: LLAMA_ARG_FIT: LLAMA_ARG_FIT_TARGET: NO_PROXY: OLLAMA_CONTEXT_LENGTH:0 OLLAMA_DEBUG:INFO OLLAMA_DEBUG_LOG_REQUESTS:false OLLAMA_EDITOR: OLLAMA_FLASH_ATTENTION:false OLLAMA_GO_TEMPLATE:true OLLAMA_GPU_OVERHEAD:0 OLLAMA_HOST:http://127.0.0.1:11434 OLLAMA_IGPU_ENABLE: OLLAMA_KEEP_ALIVE:5m0s OLLAMA_KV_CACHE_TYPE: OLLAMA_LLM_LIBRARY: OLLAMA_LOAD_TIMEOUT:5m0s OLLAMA_MAX_LOADED_MODELS:0 OLLAMA_MAX_QUEUE:512 OLLAMA_MAX_TRANSFER_STREAMS:4 OLLAMA_MODELS:/root/.ollama/models OLLAMA_NOHISTORY:false OLLAMA_NOPRUNE:false OLLAMA_NO_CLOUD:false OLLAMA_NUM_PARALLEL:1 OLLAMA_ORIGINS:[http://localhost https://localhost http://localhost:* https://localhost:* http://127.0.0.1 https://127.0.0.1 http://127.0.0.1:* https://127.0.0.1:* http://0.0.0.0 https://0.0.0.0 http://0.0.0.0:* https://0.0.0.0:* app://* file://* tauri://* vscode-webview://* vscode-file://*] OLLAMA_REMOTES:[ollama.com] OLLAMA_SCHED_SPREAD:false OLLAMA_VULKAN:true ROCR_VISIBLE_DEVICES: http_proxy: https_proxy: no_proxy:]"
time=2026-09-27T03:41:47.409Z level=INFO source=routes.go:1957 msg="Ollama cloud disabled: false"
time=2026-09-27T03:41:47.410Z level=INFO source=images.go:957 msg="total blobs: 0"
time=2026-09-27T03:41:47.410Z level=INFO source=images.go:964 msg="total unused blobs removed: 0"
time=2026-09-27T03:41:47.410Z level=INFO source=routes.go:2012 msg="Listening on 127.0.0.1:11434 (version 0.33.3)"
time=2026-09-27T03:41:47.411Z level=INFO source=model_list_cache.go:112 msg="model list cache hydration complete" models=0 failures=0 elapsed=958.553µs
time=2026-09-27T03:41:47.413Z level=INFO source=runner.go:60 msg="discovering available GPUs..."
time=2026-09-27T03:41:47.547Z level=INFO source=model_recommendations.go:177 msg="model recommendations cache sleep scheduled" wait=4h36m53.806806535s consecutive_failures=0
time=2026-09-27T03:41:47.672Z level=INFO source=types.go:50 msg="inference compute" id=cpu library=cpu compute="" name=cpu description=cpu libdirs=ollama driver="" pci_id="" type="" total="339.1 GiB" available="339.1 GiB"
time=2026-09-27T03:41:47.672Z level=INFO source=routes.go:2062 msg="vram-based default context" total_vram="0 B" default_num_ctx=4096
[GIN] 2026/09/27 - 03:41:55 | 200 |     135.711µs |       127.0.0.1 | HEAD     "/"
[?2026h[?25l[1Gpulling manifest ⠋ [K[?25h[?2026l[?2026h[?25l[1Gpulling manifest ⠙ [K[?25h[?2026l[?2026h[?25l[1Gpulling manifest ⠹ [K[?25h[?2026ltime=2026-09-27T03:41:55.789Z level=INFO source=download.go:181 msg="downloading 29d8c98fa6b0 in 10 100 MB part(s)"
[?2026h[?25l[1Gpulling manifest ⠸ [K[?25h[?2026l[?2026h[?25l[1Gpulling manifest ⠼ [K[?25h[?2026l[?2026h[?25l[1Gpulling manifest [K
pulling 29d8c98fa6b0:   2% ▕                  ▏  19 MB/986 MB                  [K[?25h[?2026l[?2026h[?25l[A[1Gpulling manifest [K
pulling 29d8c98fa6b0:   5% ▕                  ▏  51 MB/986 MB                  [K[?25h[?2026l[?2026h[?25l[A[1Gpulling manifest [K
pulling 29d8c98fa6b0:   7% ▕█                 ▏  71 MB/986 MB                  [K[?25h[?2026l[?2026h[?25l[A[1Gpulling manifest [K
pulling 29d8c98fa6b0:  11% ▕█                 ▏ 109 MB/986 MB                  [K[?25h[?2026l[?2026h[?25l[A[1Gpulling manifest [K
pulling 29d8c98fa6b0:  15% ▕██                ▏ 147 MB/986 MB                  [K[?25h[?2026l[?2026h[?25l[A[1Gpulling manifest [K
pulling 29d8c98fa6b0:  17% ▕██                ▏ 163 MB/986 MB                  [K[?25h[?2026l[?2026h[?25l[A[1Gpulling manifest [K
pulling 29d8c98fa6b0:  20% ▕███               ▏ 201 MB/986 MB                  [K[?25h[?2026l[?2026h[?25l[A[1Gpulling manifest [K
pulling 29d8c98fa6b0:  24% ▕████              ▏ 235 MB/986 MB                  [K[?25h[?2026l[?2026h[?25l[A[1Gpulling manifest [K
pulling 29d8c98fa6b0:  26% ▕████              ▏ 256 MB/986 MB                  [K[?25h[?2026l[?2026h[?25l[A[1Gpulling manifest [K
pulling 29d8c98fa6b0:  30% ▕█████             ▏ 298 MB/986 MB                  [K[?25h[?2026l[?2026h[?25l[A[1Gpulling manifest [K
pulling 29d8c98fa6b0:  33% ▕██████            ▏ 329 MB/986 MB  308 MB/s      2s[K[?25h[?2026l[?2026h[?25l[A[1Gpulling manifest [K
pulling 29d8c98fa6b0:  35% ▕██████            ▏ 349 MB/986 MB  308 MB/s      2s[K[?25h[?2026l[?2026h[?25l[A[1Gpulling manifest [K
pulling 29d8c98fa6b0:  39% ▕███████           ▏ 385 MB/986 MB  308 MB/s      1s[K[?25h[?2026l[?2026h[?25l[A[1Gpulling manifest [K
pulling 29d8c98fa6b0:  42% ▕███████           ▏ 415 MB/986 MB  308 MB/s      1s[K[?25h[?2026l[?2026h[?25l[A[1Gpulling manifest [K
pulling 29d8c98fa6b0:  44% ▕███████           ▏ 434 MB/986 MB  308 MB/s      1s[K[?25h[?2026l[?2026h[?25l[A[1Gpulling manifest [K
pulling 29d8c98fa6b0:  48% ▕████████          ▏ 468 MB/986 MB  308 MB/s      1s[K[?25h[?2026l[?2026h[?25l[A[1Gpulling manifest [K
pulling 29d8c98fa6b0:  51% ▕█████████         ▏ 503 MB/986 MB  308 MB/s      1s[K[?25h[?2026l[?2026h[?25l[A[1Gpulling manifest [K
pulling 29d8c98fa6b0:  53% ▕█████████         ▏ 521 MB/986 MB  308 MB/s      1s[K[?25h[?2026l[?2026h[?25l[A[1Gpulling manifest [K
pulling 29d8c98fa6b0:  57% ▕██████████        ▏ 560 MB/986 MB  308 MB/s      1s[K[?25h[?2026l[?2026h[?25l[A[1Gpulling manifest [K
pulling 29d8c98fa6b0:  60% ▕██████████        ▏ 593 MB/986 MB  308 MB/s      1s[K[?25h[?2026l[?2026h[?25l[A[1Gpulling manifest [K
pulling 29d8c98fa6b0:  62% ▕███████████       ▏ 611 MB/986 MB  303 MB/s      1s[K[?25h[?2026l[?2026h[?25l[A[1Gpulling manifest [K
pulling 29d8c98fa6b0:  66% ▕███████████       ▏ 646 MB/986 MB  303 MB/s      1s[K[?25h[?2026l[?2026h[?25l[A[1Gpulling manifest [K
pulling 29d8c98fa6b0:  69% ▕████████████      ▏ 681 MB/986 MB  303 MB/s      1s[K[?25h[?2026l[?2026h[?25l[A[1Gpulling manifest [K
pulling 29d8c98fa6b0:  71% ▕████████████      ▏ 701 MB/986 MB  303 MB/s      0s[K[?25h[?2026l[?2026h[?25l[A[1Gpulling manifest [K
pulling 29d8c98fa6b0:  74% ▕█████████████     ▏ 733 MB/986 MB  303 MB/s      0s[K[?25h[?2026l[?2026h[?25l[A[1Gpulling manifest [K
pulling 29d8c98fa6b0:  78% ▕██████████████    ▏ 773 MB/986 MB  303 MB/s      0s[K[?25h[?2026l[?2026h[?25l[A[1Gpulling manifest [K
pulling 29d8c98fa6b0:  80% ▕██████████████    ▏ 792 MB/986 MB  303 MB/s      0s[K[?25h[?2026l[?2026h[?25l[A[1Gpulling manifest [K
pulling 29d8c98fa6b0:  84% ▕███████████████   ▏ 830 MB/986 MB  303 MB/s      0s[K[?25h[?2026l[?2026h[?25l[A[1Gpulling manifest [K
pulling 29d8c98fa6b0:  87% ▕███████████████   ▏ 861 MB/986 MB  303 MB/s      0s[K[?25h[?2026l[?2026h[?25l[A[1Gpulling manifest [K
pulling 29d8c98fa6b0:  89% ▕████████████████  ▏ 880 MB/986 MB  303 MB/s      0s[K[?25h[?2026l[?2026h[?25l[A[1Gpulling manifest [K
pulling 29d8c98fa6b0:  93% ▕████████████████  ▏ 917 MB/986 MB  303 MB/s      0s[K[?25h[?2026l[?2026h[?25l[A[1Gpulling manifest [K
pulling 29d8c98fa6b0:  97% ▕█████████████████ ▏ 953 MB/986 MB  303 MB/s      0s[K[?25h[?2026l[?2026h[?25l[A[1Gpulling manifest [K
pulling 29d8c98fa6b0:  98% ▕█████████████████ ▏ 970 MB/986 MB  303 MB/s      0s[K[?25h[?2026l[?2026h[?25l[A[1Gpulling manifest [K
pulling 29d8c98fa6b0: 100% ▕█████████████████ ▏ 985 MB/986 MB  303 MB/s      0s[K[?25h[?2026ltime=2026-09-27T03:41:59.349Z level=INFO source=download.go:181 msg="downloading 66b9ea09bd5b in 1 68 B part(s)"
[?2026h[?25l[A[1Gpulling manifest [K
pulling 29d8c98fa6b0: 100% ▕█████████████████ ▏ 985 MB/986 MB  303 MB/s      0s[K[?25h[?2026l[?2026h[?25l[A[1Gpulling manifest [K
pulling 29d8c98fa6b0: 100% ▕█████████████████ ▏ 985 MB/986 MB  303 MB/s      0s[K[?25h[?2026ltime=2026-09-27T03:41:59.509Z level=INFO source=download.go:181 msg="downloading 1e65450c3067 in 1 1.6 KB part(s)"
[?2026h[?25l[A[1Gpulling manifest [K
pulling 29d8c98fa6b0: 100% ▕█████████████████ ▏ 985 MB/986 MB  303 MB/s      0s[K[?25h[?2026ltime=2026-09-27T03:41:59.668Z level=INFO source=download.go:181 msg="downloading 832dd9e00a68 in 1 11 KB part(s)"
[?2026h[?25l[A[1Gpulling manifest [K
pulling 29d8c98fa6b0: 100% ▕█████████████████ ▏ 985 MB/986 MB  303 MB/s      0s[K[?25h[?2026l[?2026h[?25l[A[1Gpulling manifest [K
pulling 29d8c98fa6b0: 100% ▕█████████████████ ▏ 985 MB/986 MB  303 MB/s      0s[K[?25h[?2026ltime=2026-09-27T03:41:59.832Z level=INFO source=download.go:181 msg="downloading 152cb442202b in 1 487 B part(s)"
[?2026h[?25l[A[1Gpulling manifest [K
pulling 29d8c98fa6b0: 100% ▕█████████████████ ▏ 985 MB/986 MB  303 MB/s      0s[K[?25h[?2026l[?2026h[?25l[A[1Gpulling manifest [K
pulling 29d8c98fa6b0: 100% ▕█████████████████ ▏ 985 MB/986 MB  303 MB/s      0s[K
verifying sha256 digest ⠋ [K[?25h[?2026l[?2026h[?25l[A[A[1Gpulling manifest [K
pulling 29d8c98fa6b0: 100% ▕█████████████████ ▏ 985 MB/986 MB  303 MB/s      0s[K
verifying sha256 digest ⠙ [K[?25h[?2026l[?2026h[?25l[A[A[1Gpulling manifest [K
pulling 29d8c98fa6b0: 100% ▕█████████████████ ▏ 985 MB/986 MB  303 MB/s      0s[K
verifying sha256 digest ⠹ [K[?25h[?2026l[?2026h[?25l[A[A[1Gpulling manifest [K
pulling 29d8c98fa6b0: 100% ▕█████████████████ ▏ 985 MB/986 MB  303 MB/s      0s[K
verifying sha256 digest ⠸ [K[?25h[?2026l[?2026h[?25l[A[A[1Gpulling manifest [K
pulling 29d8c98fa6b0: 100% ▕█████████████████ ▏ 985 MB/986 MB  303 MB/s      0s[K
verifying sha256 digest ⠼ [K[?25h[?2026l[?2026h[?25l[A[A[1Gpulling manifest [K
pulling 29d8c98fa6b0: 100% ▕█████████████████ ▏ 985 MB/986 MB  303 MB/s      0s[K
verifying sha256 digest ⠴ [K[?25h[?2026l[?2026h[?25l[A[A[1Gpulling manifest [K
pulling 29d8c98fa6b0: 100% ▕█████████████████ ▏ 985 MB/986 MB  303 MB/s      0s[K
verifying sha256 digest ⠦ [K[?25h[?2026l[?2026h[?25l[A[A[1Gpulling manifest [K
pulling 29d8c98fa6b0: 100% ▕█████████████████ ▏ 985 MB/986 MB  303 MB/s      0s[K
verifying sha256 digest ⠧ [K[?25h[?2026l[?2026h[?25l[A[A[1Gpulling manifest [K
pulling 29d8c98fa6b0: 100% ▕█████████████████ ▏ 985 MB/986 MB  303 MB/s      0s[K
verifying sha256 digest ⠇ [K[?25h[?2026l[?2026h[?25l[A[A[1Gpulling manifest [K
pulling 29d8c98fa6b0: 100% ▕█████████████████ ▏ 985 MB/986 MB  303 MB/s      0s[K
verifying sha256 digest ⠏ [K[?25h[?2026l[?2026h[?25l[A[A[1Gpulling manifest [K
pulling 29d8c98fa6b0: 100% ▕█████████████████ ▏ 985 MB/986 MB  303 MB/s      0s[K
verifying sha256 digest ⠋ [K[?25h[?2026l[GIN] 2026/09/27 - 03:42:01 | 200 |  5.667359367s |       127.0.0.1 | POST     "/api/pull"
[?2026h[?25l[A[A[1Gpulling manifest [K
pulling 29d8c98fa6b0: 100% ▕█████████████████ ▏ 985 MB/986 MB  303 MB/s      0s[K
verifying sha256 digest [K
writing manifest [K
success [K[?25h[?2026l
[GIN] 2026/09/27 - 03:42:01 | 200 |       26.75µs |       127.0.0.1 | HEAD     "/"
[?2026h[?25l[1Gpulling manifest ⠋ [K[?25h[?2026l[?2026h[?25l[1Gpulling manifest ⠙ [K[?25h[?2026l[?2026h[?25l[1Gpulling manifest ⠹ [K[?25h[?2026l[?2026h[?25l[1Gpulling manifest ⠸ [K[?25h[?2026ltime=2026-09-27T03:42:01.525Z level=INFO source=download.go:181 msg="downloading 60e05f210007 in 16 292 MB part(s)"
[?2026h[?25l[1Gpulling manifest ⠼ [K[?25h[?2026l[?2026h[?25l[1Gpulling manifest [K
pulling 60e05f210007:   0% ▕                  ▏ 7.1 MB/4.7 GB                  [K[?25h[?2026l[?2026h[?25l[A[1Gpulling manifest [K
pulling 60e05f210007:   1% ▕                  ▏  29 MB/4.7 GB                  [K[?25h[?2026l[?2026h[?25l[A[1Gpulling manifest [K
pulling 60e05f210007:   1% ▕                  ▏  51 MB/4.7 GB                  [K[?25h[?2026l[?2026h[?25l[A[1Gpulling manifest [K
pulling 60e05f210007:   2% ▕                  ▏  86 MB/4.7 GB                  [K[?25h[?2026l[?2026h[?25l[A[1Gpulling manifest [K
pulling 60e05f210007:   3% ▕                  ▏ 122 MB/4.7 GB                  [K[?25h[?2026l[?2026h[?25l[A[1Gpulling manifest [K
pulling 60e05f210007:   3% ▕                  ▏ 158 MB/4.7 GB                  [K[?25h[?2026l[?2026h[?25l[A[1Gpulling manifest [K
pulling 60e05f210007:   4% ▕                  ▏ 173 MB/4.7 GB                  [K[?25h[?2026l[?2026h[?25l[A[1Gpulling manifest [K
pulling 60e05f210007:   5% ▕                  ▏ 212 MB/4.7 GB                  [K[?25h[?2026l[?2026h[?25l[A[1Gpulling manifest [K
pulling 60e05f210007:   5% ▕                  ▏ 226 MB/4.7 GB                  [K[?25h[?2026l[?2026h[?25l[A[1Gpulling manifest [K
pulling 60e05f210007:   6% ▕█                 ▏ 265 MB/4.7 GB                  [K[?25h[?2026l[?2026h[?25l[A[1Gpulling manifest [K
pulling 60e05f210007:   6% ▕█                 ▏ 300 MB/4.7 GB  293 MB/s     14s[K[?25h[?2026l[?2026h[?25l[A[1Gpulling manifest [K
pulling 60e05f210007:   7% ▕█                 ▏ 336 MB/4.7 GB  293 MB/s     14s[K[?25h[?2026l[?2026h[?25l[A[1Gpulling manifest [K
pulling 60e05f210007:   8% ▕█                 ▏ 354 MB/4.7 GB  293 MB/s     14s[K[?25h[?2026l[?2026h[?25l[A[1Gpulling manifest [K
pulling 60e05f210007:   8% ▕█                 ▏ 387 MB/4.7 GB  293 MB/s     14s[K[?25h[?2026l[?2026h[?25l[A[1Gpulling manifest [K
pulling 60e05f210007:   9% ▕█                 ▏ 423 MB/4.7 GB  293 MB/s     14s[K[?25h[?2026l[?2026h[?25l[A[1Gpulling manifest [K
pulling 60e05f210007:   9% ▕█                 ▏ 441 MB/4.7 GB  293 MB/s     14s[K[?25h[?2026l[?2026h[?25l[A[1Gpulling manifest [K
pulling 60e05f210007:  10% ▕█                 ▏ 478 MB/4.7 GB  293 MB/s     14s[K[?25h[?2026l[?2026h[?25l[A[1Gpulling manifest [K
pulling 60e05f210007:  11% ▕█                 ▏ 515 MB/4.7 GB  293 MB/s     14s[K[?25h[?2026l[?2026h[?25l[A[1Gpulling manifest [K
pulling 60e05f210007:  11% ▕██                ▏ 535 MB/4.7 GB  293 MB/s     14s[K[?25h[?2026l[?2026h[?25l[A[1Gpulling manifest [K
pulling 60e05f210007:  12% ▕██                ▏ 568 MB/4.7 GB  293 MB/s     14s[K[?25h[?2026l[?2026h[?25l[A[1Gpulling manifest [K
pulling 60e05f210007:  13% ▕██                ▏ 588 MB/4.7 GB  293 MB/s     13s[K[?25h[?2026l[?2026h[?25l[A[1Gpulling manifest [K
pulling 60e05f210007:  13% ▕██                ▏ 626 MB/4.7 GB  300 MB/s     13s[K[?25h[?2026l[?2026h[?25l[A[1Gpulling manifest [K
pulling 60e05f210007:  14% ▕██                ▏ 664 MB/4.7 GB  300 MB/s     13s[K[?25h[?2026l[?2026h[?25l[A[1Gpulling manifest [K
pulling 60e05f210007:  15% ▕██                ▏ 700 MB/4.7 GB  300 MB/s     13s[K[?25h[?2026l[?2026h[?25l[A[1Gpulling manifest [K
pulling 60e05f210007:  15% ▕██                ▏ 710 MB/4.7 GB  300 MB/s     13s[K[?25h[?2026l[?2026h[?25l[A[1Gpulling manifest [K
pulling 60e05f210007:  16% ▕██                ▏ 749 MB/4.7 GB  300 MB/s     13s[K[?25h[?2026l[?2026h[?25l[A[1Gpulling manifest [K
pulling 60e05f210007:  16% ▕██                ▏ 769 MB/4.7 GB  300 MB/s     13s[K[?25h[?2026l[?2026h[?25l[A[1Gpulling manifest [K
pulling 60e05f210007:  17% ▕███               ▏ 805 MB/4.7 GB  300 MB/s     12s[K[?25h[?2026l[?2026h[?25l[A[1Gpulling manifest [K
pulling 60e05f210007:  18% ▕███               ▏ 839 MB/4.7 GB  300 MB/s     12s[K[?25h[?2026l[?2026h[?25l[A[1Gpulling manifest [K
pulling 60e05f210007:  19% ▕███               ▏ 876 MB/4.7 GB  300 MB/s     12s[K[?25h[?2026l[?2026h[?25l[A[1Gpulling manifest [K
pulling 60e05f210007:  19% ▕███               ▏ 895 MB/4.7 GB  300 MB/s     12s[K[?25h[?2026l[?2026h[?25l[A[1Gpulling manifest [K
pulling 60e05f210007:  20% ▕███               ▏ 931 MB/4.7 GB  302 MB/s     12s[K[?25h[?2026l[?2026h[?25l[A[1Gpulling manifest [K
pulling 60e05f210007:  21% ▕███               ▏ 971 MB/4.7 GB  302 MB/s     12s[K[?25h[?2026l[?2026h[?25l[A[1Gpulling manifest [K
pulling 60e05f210007:  21% ▕███               ▏ 987 MB/4.7 GB  302 MB/s     12s[K[?25h[?2026l[?2026h[?25l[A[1Gpulling manifest [K
pulling 60e05f210007:  22% ▕███               ▏ 1.0 GB/4.7 GB  302 MB/s     12s[K[?25h[?2026l[?2026h[?25l[A[1Gpulling manifest [K
pulling 60e05f210007:  23% ▕████              ▏ 1.1 GB/4.7 GB  302 MB/s     11s[K[?25h[?2026l[?2026h[?25l[A[1Gpulling manifest [K
pulling 60e05f210007:  23% ▕████              ▏ 1.1 GB/4.7 GB  302 MB/s     11s[K[?25h[?2026l[?2026h[?25l[A[1Gpulling manifest [K
pulling 60e05f210007:  24% ▕████              ▏ 1.1 GB/4.7 GB  302 MB/s     11s[K[?25h[?2026l[?2026h[?25l[A[1Gpulling manifest [K
pulling 60e05f210007:  25% ▕████              ▏ 1.2 GB/4.7 GB  302 MB/s     11s[K[?25h[?2026l[?2026h[?25l[A[1Gpulling manifest [K
pulling 60e05f210007:  25% ▕████              ▏ 1.2 GB/4.7 GB  302 MB/s     11s[K[?25h[?2026l[?2026h[?25l[A[1Gpulling manifest [K
pulling 60e05f210007:  26% ▕████              ▏ 1.2 GB/4.7 GB  302 MB/s     11s[K[?25h[?2026l[?2026h[?25l[A[1Gpulling manifest [K
pulling 60e05f210007:  26% ▕████              ▏ 1.2 GB/4.7 GB  303 MB/s     11s[K[?25h[?2026l[?2026h[?25l[A[1Gpulling manifest [K
pulling 60e05f210007:  27% ▕████              ▏ 1.3 GB/4.7 GB  303 MB/s     11s[K[?25h[?2026l[?2026h[?25l[A[1Gpulling manifest [K
pulling 60e05f210007:  28% ▕████              ▏ 1.3 GB/4.7 GB  303 MB/s     11s[K[?25h[?2026l[?2026h[?25l[A[1Gpulling manifest [K
pulling 60e05f210007:  28% ▕█████             ▏ 1.3 GB/4.7 GB  303 MB/s     11s[K[?25h[?2026l[?2026h[?25l[A[1Gpulling manifest [K
pulling 60e05f210007:  29% ▕█████             ▏ 1.3 GB/4.7 GB  303 MB/s     10s[K[?25h[?2026l[?2026h[?25l[A[1Gpulling manifest [K
pulling 60e05f210007:  30% ▕█████             ▏ 1.4 GB/4.7 GB  303 MB/s     10s[K[?25h[?2026l[?2026h[?25l[A[1Gpulling manifest [K
pulling 60e05f210007:  30% ▕█████             ▏ 1.4 GB/4.7 GB  303 MB/s     10s[K[?25h[?2026l[?2026h[?25l[A[1Gpulling manifest [K
pulling 60e05f210007:  31% ▕█████             ▏ 1.4 GB/4.7 GB  303 MB/s     10s[K[?25h[?2026l[?2026h[?25l[A[1Gpulling manifest [K
pulling 60e05f210007:  31% ▕█████             ▏ 1.5 GB/4.7 GB  303 MB/s     10s[K[?25h[?2026l[?2026h[?25l[A[1Gpulling manifest [K
pulling 60e05f210007:  32% ▕█████             ▏ 1.5 GB/4.7 GB  303 MB/s     10s[K[?25h[?2026l[?2026h[?25l[A[1Gpulling manifest [K
pulling 60e05f210007:  33% ▕█████             ▏ 1.5 GB/4.7 GB  303 MB/s     10s[K[?25h[?2026l[?2026h[?25l[A[1Gpulling manifest [K
pulling 60e05f210007:  33% ▕██████            ▏ 1.6 GB/4.7 GB  303 MB/s     10s[K[?25h[?2026l[?2026h[?25l[A[1Gpulling manifest [K
pulling 60e05f210007:  34% ▕██████            ▏ 1.6 GB/4.7 GB  303 MB/s     10s[K[?25h[?2026l[?2026h[?25l[A[1Gpulling manifest [K
pulling 60e05f210007:  34% ▕██████            ▏ 1.6 GB/4.7 GB  303 MB/s     10s[K[?25h[?2026l[?2026h[?25l[A[1Gpulling manifest [K
pulling 60e05f210007:  35% ▕██████            ▏ 1.6 GB/4.7 GB  303 MB/s      9s[K[?25h[?2026l[?2026h[?25l[A[1Gpulling manifest [K
pulling 60e05f210007:  36% ▕██████            ▏ 1.7 GB/4.7 GB  303 MB/s      9s[K[?25h[?2026l[?2026h[?25l[A[1Gpulling manifest [K
pulling 60e05f210007:  36% ▕██████            ▏ 1.7 GB/4.7 GB  303 MB/s      9s[K[?25h[?2026l[?2026h[?25l[A[1Gpulling manifest [K
pulling 60e05f210007:  37% ▕██████            ▏ 1.7 GB/4.7 GB  303 MB/s      9s[K[?25h[?2026l[?2026h[?25l[A[1Gpulling manifest [K
pulling 60e05f210007:  38% ▕██████            ▏ 1.8 GB/4.7 GB  303 MB/s      9s[K[?25h[?2026l[?2026h[?25l[A[1Gpulling manifest [K
pulling 60e05f210007:  38% ▕██████            ▏ 1.8 GB/4.7 GB  303 MB/s      9s[K[?25h[?2026l[?2026h[?25l[A[1Gpulling manifest [K
pulling 60e05f210007:  39% ▕██████            ▏ 1.8 GB/4.7 GB  301 MB/s      9s[K[?25h[?2026l[?2026h[?25l[A[1Gpulling manifest [K
pulling 60e05f210007:  40% ▕███████           ▏ 1.9 GB/4.7 GB  301 MB/s      9s[K[?25h[?2026l[?2026h[?25l[A[1Gpulling manifest [K
pulling 60e05f210007:  40% ▕███████           ▏ 1.9 GB/4.7 GB  301 MB/s      9s[K[?25h[?2026l[?2026h[?25l[A[1Gpulling manifest [K
pulling 60e05f210007:  41% ▕███████           ▏ 1.9 GB/4.7 GB  301 MB/s      9s[K[?25h[?2026l[?2026h[?25l[A[1Gpulling manifest [K
pulling 60e05f210007:  42% ▕███████           ▏ 1.9 GB/4.7 GB  301 MB/s      9s[K[?25h[?2026l[?2026h[?25l[A[1Gpulling manifest [K
pulling 60e05f210007:  42% ▕███████           ▏ 2.0 GB/4.7 GB  301 MB/s      9s[K[?25h[?2026l[?2026h[?25l[A[1Gpulling manifest [K
pulling 60e05f210007:  43% ▕███████           ▏ 2.0 GB/4.7 GB  301 MB/s      8s[K[?25h[?2026l[?2026h[?25l[A[1Gpulling manifest [K
pulling 60e05f210007:  43% ▕███████           ▏ 2.0 GB/4.7 GB  301 MB/s      8s[K[?25h[?2026l[?2026h[?25l[A[1Gpulling manifest [K
pulling 60e05f210007:  44% ▕███████           ▏ 2.0 GB/4.7 GB  301 MB/s      8s[K[?25h[?2026l[?2026h[?25l[A[1Gpulling manifest [K
pulling 60e05f210007:  44% ▕████████          ▏ 2.1 GB/4.7 GB  301 MB/s      8s[K[?25h[?2026l[?2026h[?25l[A[1Gpulling manifest [K
pulling 60e05f210007:  45% ▕████████          ▏ 2.1 GB/4.7 GB  301 MB/s      8s[K[?25h[?2026l[?2026h[?25l[A[1Gpulling manifest [K
pulling 60e05f210007:  46% ▕████████          ▏ 2.1 GB/4.7 GB  301 MB/s      8s[K[?25h[?2026l[?2026h[?25l[A[1Gpulling manifest [K
pulling 60e05f210007:  46% ▕████████          ▏ 2.2 GB/4.7 GB  301 MB/s      8s[K[?25h[?2026l[?2026h[?25l[A[1Gpulling manifest [K
pulling 60e05f210007:  47% ▕████████          ▏ 2.2 GB/4.7 GB  301 MB/s      8s[K[?25h[?2026l[?2026h[?25l[A[1Gpulling manifest [K
pulling 60e05f210007:  48% ▕████████          ▏ 2.2 GB/4.7 GB  301 MB/s      8s[K[?25h[?2026l[?2026h[?25l[A[1Gpulling manifest [K
pulling 60e05f210007:  48% ▕████████          ▏ 2.3 GB/4.7 GB  301 MB/s      8s[K[?25h[?2026l[?2026h[?25l[A[1Gpulling manifest [K
pulling 60e05f210007:  49% ▕████████          ▏ 2.3 GB/4.7 GB  301 MB/s      7s[K[?25h[?2026l[?2026h[?25l[A[1Gpulling manifest [K
pulling 60e05f210007:  49% ▕████████          ▏ 2.3 GB/4.7 GB  301 MB/s      7s[K[?25h[?2026l[?2026h[?25l[A[1Gpulling manifest [K
pulling 60e05f210007:  50% ▕█████████         ▏ 2.3 GB/4.7 GB  301 MB/s      7s[K[?25h[?2026l[?2026h[?25l[A[1Gpulling manifest [K
pulling 60e05f210007:  51% ▕█████████         ▏ 2.4 GB/4.7 GB  301 MB/s      7s[K[?25h[?2026l[?2026h[?25l[A[1Gpulling manifest [K
pulling 60e05f210007:  51% ▕█████████         ▏ 2.4 GB/4.7 GB  301 MB/s      7s[K[?25h[?2026l[?2026h[?25l[A[1Gpulling manifest [K
pulling 60e05f210007:  52% ▕█████████         ▏ 2.4 GB/4.7 GB  301 MB/s      7s[K[?25h[?2026l[?2026h[?25l[A[1Gpulling manifest [K
pulling 60e05f210007:  53% ▕█████████         ▏ 2.5 GB/4.7 GB  301 MB/s      7s[K[?25h[?2026l[?2026h[?25l[A[1Gpulling manifest [K
pulling 60e05f210007:  53% ▕█████████         ▏ 2.5 GB/4.7 GB  301 MB/s      7s[K[?25h[?2026l[?2026h[?25l[A[1Gpulling manifest [K
pulling 60e05f210007:  54% ▕█████████         ▏ 2.5 GB/4.7 GB  301 MB/s      7s[K[?25h[?2026l[?2026h[?25l[A[1Gpulling manifest [K
pulling 60e05f210007:  55% ▕█████████         ▏ 2.6 GB/4.7 GB  301 MB/s      7s[K[?25h[?2026l[?2026h[?25l[A[1Gpulling manifest [K
pulling 60e05f210007:  55% ▕█████████         ▏ 2.6 GB/4.7 GB  301 MB/s      6s[K[?25h[?2026l[?2026h[?25l[A[1Gpulling manifest [K
pulling 60e05f210007:  56% ▕██████████        ▏ 2.6 GB/4.7 GB  301 MB/s      6s[K[?25h[?2026l[?2026h[?25l[A[1Gpulling manifest [K
pulling 60e05f210007:  57% ▕██████████        ▏ 2.6 GB/4.7 GB  301 MB/s      6s[K[?25h[?2026l[?2026h[?25l[A[1Gpulling manifest [K
pulling 60e05f210007:  57% ▕██████████        ▏ 2.7 GB/4.7 GB  301 MB/s      6s[K[?25h[?2026l[?2026h[?25l[A[1Gpulling manifest [K
pulling 60e05f210007:  58% ▕██████████        ▏ 2.7 GB/4.7 GB  301 MB/s      6s[K[?25h[?2026l[?2026h[?25l[A[1Gpulling manifest [K
pulling 60e05f210007:  58% ▕██████████        ▏ 2.7 GB/4.7 GB  301 MB/s      6s[K[?25h[?2026l[?2026h[?25l[A[1Gpulling manifest [K
pulling 60e05f210007:  59% ▕██████████        ▏ 2.8 GB/4.7 GB  301 MB/s      6s[K[?25h[?2026l[?2026h[?25l[A[1Gpulling manifest [K
pulling 60e05f210007:  60% ▕██████████        ▏ 2.8 GB/4.7 GB  301 MB/s      6s[K[?25h[?2026l[?2026h[?25l[A[1Gpulling manifest [K
pulling 60e05f210007:  60% ▕██████████        ▏ 2.8 GB/4.7 GB  301 MB/s      6s[K[?25h[?2026l[?2026h[?25l[A[1Gpulling manifest [K
pulling 60e05f210007:  61% ▕██████████        ▏ 2.8 GB/4.7 GB  301 MB/s      6s[K[?25h[?2026l[?2026h[?25l[A[1Gpulling manifest [K
pulling 60e05f210007:  62% ▕███████████       ▏ 2.9 GB/4.7 GB  301 MB/s      5s[K[?25h[?2026l[?2026h[?25l[A[1Gpulling manifest [K
pulling 60e05f210007:  62% ▕███████████       ▏ 2.9 GB/4.7 GB  301 MB/s      5s[K[?25h[?2026l[?2026h[?25l[A[1Gpulling manifest [K
pulling 60e05f210007:  63% ▕███████████       ▏ 2.9 GB/4.7 GB  301 MB/s      5s[K[?25h[?2026l[?2026h[?25l[A[1Gpulling manifest [K
pulling 60e05f210007:  63% ▕███████████       ▏ 3.0 GB/4.7 GB  301 MB/s      5s[K[?25h[?2026l[?2026h[?25l[A[1Gpulling manifest [K
pulling 60e05f210007:  64% ▕███████████       ▏ 3.0 GB/4.7 GB  301 MB/s      5s[K[?25h[?2026l[?2026h[?25l[A[1Gpulling manifest [K
pulling 60e05f210007:  64% ▕███████████       ▏ 3.0 GB/4.7 GB  302 MB/s      5s[K[?25h[?2026l[?2026h[?25l[A[1Gpulling manifest [K
pulling 60e05f210007:  65% ▕███████████       ▏ 3.1 GB/4.7 GB  302 MB/s      5s[K[?25h[?2026l[?2026h[?25l[A[1Gpulling manifest [K
pulling 60e05f210007:  66% ▕███████████       ▏ 3.1 GB/4.7 GB  302 MB/s      5s[K[?25h[?2026l[?2026h[?25l[A[1Gpulling manifest [K
pulling 60e05f210007:  66% ▕███████████       ▏ 3.1 GB/4.7 GB  302 MB/s      5s[K[?25h[?2026l[?2026h[?25l[A[1Gpulling manifest [K
pulling 60e05f210007:  67% ▕████████████      ▏ 3.1 GB/4.7 GB  302 MB/s      5s[K[?25h[?2026l[?2026h[?25l[A[1Gpulling manifest [K
pulling 60e05f210007:  67% ▕████████████      ▏ 3.2 GB/4.7 GB  302 MB/s      5s[K[?25h[?2026l[?2026h[?25l[A[1Gpulling manifest [K
pulling 60e05f210007:  68% ▕████████████      ▏ 3.2 GB/4.7 GB  302 MB/s      4s[K[?25h[?2026l[?2026h[?25l[A[1Gpulling manifest [K
pulling 60e05f210007:  69% ▕████████████      ▏ 3.2 GB/4.7 GB  302 MB/s      4s[K[?25h[?2026l[?2026h[?25l[A[1Gpulling manifest [K
pulling 60e05f210007:  70% ▕████████████      ▏ 3.3 GB/4.7 GB  302 MB/s      4s[K[?25h[?2026l[?2026h[?25l[A[1Gpulling manifest [K
pulling 60e05f210007:  70% ▕████████████      ▏ 3.3 GB/4.7 GB  302 MB/s      4s[K[?25h[?2026l[?2026h[?25l[A[1Gpulling manifest [K
pulling 60e05f210007:  71% ▕████████████      ▏ 3.3 GB/4.7 GB  302 MB/s      4s[K[?25h[?2026l[?2026h[?25l[A[1Gpulling manifest [K
pulling 60e05f210007:  72% ▕████████████      ▏ 3.4 GB/4.7 GB  302 MB/s      4s[K[?25h[?2026l[?2026h[?25l[A[1Gpulling manifest [K
pulling 60e05f210007:  72% ▕████████████      ▏ 3.4 GB/4.7 GB  302 MB/s      4s[K[?25h[?2026l[?2026h[?25l[A[1Gpulling manifest [K
pulling 60e05f210007:  73% ▕█████████████     ▏ 3.4 GB/4.7 GB  302 MB/s      4s[K[?25h[?2026l[?2026h[?25l[A[1Gpulling manifest [K
pulling 60e05f210007:  74% ▕█████████████     ▏ 3.5 GB/4.7 GB  302 MB/s      4s[K[?25h[?2026l[?2026h[?25l[A[1Gpulling manifest [K
pulling 60e05f210007:  74% ▕█████████████     ▏ 3.5 GB/4.7 GB  302 MB/s      4s[K[?25h[?2026l[?2026h[?25l[A[1Gpulling manifest [K
pulling 60e05f210007:  75% ▕█████████████     ▏ 3.5 GB/4.7 GB  302 MB/s      3s[K[?25h[?2026l[?2026h[?25l[A[1Gpulling manifest [K
pulling 60e05f210007:  76% ▕█████████████     ▏ 3.5 GB/4.7 GB  302 MB/s      3s[K[?25h[?2026l[?2026h[?25l[A[1Gpulling manifest [K
pulling 60e05f210007:  76% ▕█████████████     ▏ 3.6 GB/4.7 GB  302 MB/s      3s[K[?25h[?2026l[?2026h[?25l[A[1Gpulling manifest [K
pulling 60e05f210007:  77% ▕█████████████     ▏ 3.6 GB/4.7 GB  302 MB/s      3s[K[?25h[?2026l[?2026h[?25l[A[1Gpulling manifest [K
pulling 60e05f210007:  78% ▕█████████████     ▏ 3.6 GB/4.7 GB  302 MB/s      3s[K[?25h[?2026l[?2026h[?25l[A[1Gpulling manifest [K
pulling 60e05f210007:  78% ▕██████████████    ▏ 3.7 GB/4.7 GB  302 MB/s      3s[K[?25h[?2026l[?2026h[?25l[A[1Gpulling manifest [K
pulling 60e05f210007:  79% ▕██████████████    ▏ 3.7 GB/4.7 GB  302 MB/s      3s[K[?25h[?2026l[?2026h[?25l[A[1Gpulling manifest [K
pulling 60e05f210007:  79% ▕██████████████    ▏ 3.7 GB/4.7 GB  302 MB/s      3s[K[?25h[?2026l[?2026h[?25l[A[1Gpulling manifest [K
pulling 60e05f210007:  80% ▕██████████████    ▏ 3.7 GB/4.7 GB  302 MB/s      3s[K[?25h[?2026l[?2026h[?25l[A[1Gpulling manifest [K
pulling 60e05f210007:  81% ▕██████████████    ▏ 3.8 GB/4.7 GB  302 MB/s      2s[K[?25h[?2026l[?2026h[?25l[A[1Gpulling manifest [K
pulling 60e05f210007:  82% ▕██████████████    ▏ 3.8 GB/4.7 GB  302 MB/s      2s[K[?25h[?2026l[?2026h[?25l[A[1Gpulling manifest [K
pulling 60e05f210007:  82% ▕██████████████    ▏ 3.8 GB/4.7 GB  302 MB/s      2s[K[?25h[?2026l[?2026h[?25l[A[1Gpulling manifest [K
pulling 60e05f210007:  83% ▕██████████████    ▏ 3.9 GB/4.7 GB  302 MB/s      2s[K[?25h[?2026l[?2026h[?25l[A[1Gpulling manifest [K
pulling 60e05f210007:  84% ▕███████████████   ▏ 3.9 GB/4.7 GB  302 MB/s      2s[K[?25h[?2026l[?2026h[?25l[A[1Gpulling manifest [K
pulling 60e05f210007:  84% ▕███████████████   ▏ 3.9 GB/4.7 GB  302 MB/s      2s[K[?25h[?2026l[?2026h[?25l[A[1Gpulling manifest [K
pulling 60e05f210007:  85% ▕███████████████   ▏ 4.0 GB/4.7 GB  303 MB/s      2s[K[?25h[?2026l[?2026h[?25l[A[1Gpulling manifest [K
pulling 60e05f210007:  86% ▕███████████████   ▏ 4.0 GB/4.7 GB  303 MB/s      2s[K[?25h[?2026l[?2026h[?25l[A[1Gpulling manifest [K
pulling 60e05f210007:  86% ▕███████████████   ▏ 4.0 GB/4.7 GB  303 MB/s      2s[K[?25h[?2026l[?2026h[?25l[A[1Gpulling manifest [K
pulling 60e05f210007:  87% ▕███████████████   ▏ 4.1 GB/4.7 GB  303 MB/s      2s[K[?25h[?2026l[?2026h[?25l[A[1Gpulling manifest [K
pulling 60e05f210007:  87% ▕███████████████   ▏ 4.1 GB/4.7 GB  303 MB/s      1s[K[?25h[?2026l[?2026h[?25l[A[1Gpulling manifest [K
pulling 60e05f210007:  88% ▕███████████████   ▏ 4.1 GB/4.7 GB  303 MB/s      1s[K[?25h[?2026l[?2026h[?25l[A[1Gpulling manifest [K
pulling 60e05f210007:  89% ▕███████████████   ▏ 4.2 GB/4.7 GB  303 MB/s      1s[K[?25h[?2026l[?2026h[?25l[A[1Gpulling manifest [K
pulling 60e05f210007:  89% ▕████████████████  ▏ 4.2 GB/4.7 GB  303 MB/s      1s[K[?25h[?2026l[?2026h[?25l[A[1Gpulling manifest [K
pulling 60e05f210007:  90% ▕████████████████  ▏ 4.2 GB/4.7 GB  303 MB/s      1s[K[?25h[?2026l[?2026h[?25l[A[1Gpulling manifest [K
pulling 60e05f210007:  91% ▕████████████████  ▏ 4.2 GB/4.7 GB  303 MB/s      1s[K[?25h[?2026l[?2026h[?25l[A[1Gpulling manifest [K
pulling 60e05f210007:  91% ▕████████████████  ▏ 4.3 GB/4.7 GB  304 MB/s      1s[K[?25h[?2026l[?2026h[?25l[A[1Gpulling manifest [K
pulling 60e05f210007:  92% ▕████████████████  ▏ 4.3 GB/4.7 GB  304 MB/s      1s[K[?25h[?2026l[?2026h[?25l[A[1Gpulling manifest [K
pulling 60e05f210007:  93% ▕████████████████  ▏ 4.3 GB/4.7 GB  304 MB/s      1s[K[?25h[?2026l[?2026h[?25l[A[1Gpulling manifest [K
pulling 60e05f210007:  93% ▕████████████████  ▏ 4.4 GB/4.7 GB  304 MB/s      1s[K[?25h[?2026l[?2026h[?25l[A[1Gpulling manifest [K
pulling 60e05f210007:  94% ▕████████████████  ▏ 4.4 GB/4.7 GB  304 MB/s      0s[K[?25h[?2026l[?2026h[?25l[A[1Gpulling manifest [K
pulling 60e05f210007:  95% ▕█████████████████ ▏ 4.4 GB/4.7 GB  304 MB/s      0s[K[?25h[?2026l[?2026h[?25l[A[1Gpulling manifest [K
pulling 60e05f210007:  95% ▕█████████████████ ▏ 4.5 GB/4.7 GB  304 MB/s      0s[K[?25h[?2026l[?2026h[?25l[A[1Gpulling manifest [K
pulling 60e05f210007:  96% ▕█████████████████ ▏ 4.5 GB/4.7 GB  304 MB/s      0s[K[?25h[?2026l[?2026h[?25l[A[1Gpulling manifest [K
pulling 60e05f210007:  97% ▕█████████████████ ▏ 4.5 GB/4.7 GB  304 MB/s      0s[K[?25h[?2026l[?2026h[?25l[A[1Gpulling manifest [K
pulling 60e05f210007:  97% ▕█████████████████ ▏ 4.5 GB/4.7 GB  304 MB/s      0s[K[?25h[?2026l[?2026h[?25l[A[1Gpulling manifest [K
pulling 60e05f210007:  98% ▕█████████████████ ▏ 4.6 GB/4.7 GB  306 MB/s      0s[K[?25h[?2026l[?2026h[?25l[A[1Gpulling manifest [K
pulling 60e05f210007:  98% ▕█████████████████ ▏ 4.6 GB/4.7 GB  306 MB/s      0s[K[?25h[?2026l[?2026h[?25l[A[1Gpulling manifest [K
pulling 60e05f210007:  99% ▕█████████████████ ▏ 4.6 GB/4.7 GB  306 MB/s      0s[K[?25h[?2026l[?2026h[?25l[A[1Gpulling manifest [K
pulling 60e05f210007:  99% ▕█████████████████ ▏ 4.7 GB/4.7 GB  306 MB/s      0s[K[?25h[?2026l[?2026h[?25l[A[1Gpulling manifest [K
pulling 60e05f210007: 100% ▕█████████████████ ▏ 4.7 GB/4.7 GB  306 MB/s      0s[K[?25h[?2026l[?2026h[?25l[A[1Gpulling manifest [K
pulling 60e05f210007: 100% ▕█████████████████ ▏ 4.7 GB/4.7 GB  306 MB/s      0s[K
pulling 66b9ea09bd5b: 100% ▕██████████████████▏   68 B                         [K
pulling 1e65450c3067: 100% ▕██████████████████▏ 1.6 KB                         [K
pulling 832dd9e00a68: 100% ▕██████████████████▏  11 KB                         [K[?25h[?2026ltime=2026-09-27T03:42:17.555Z level=INFO source=download.go:181 msg="downloading d9bb33f27869 in 1 487 B part(s)"
[?2026h[?25l[A[A[A[A[1Gpulling manifest [K
pulling 60e05f210007: 100% ▕█████████████████ ▏ 4.7 GB/4.7 GB  306 MB/s      0s[K
pulling 66b9ea09bd5b: 100% ▕██████████████████▏   68 B                         [K
pulling 1e65450c3067: 100% ▕██████████████████▏ 1.6 KB                         [K
pulling 832dd9e00a68: 100% ▕██████████████████▏  11 KB                         [K[?25h[?2026l[?2026h[?25l[A[A[A[A[1Gpulling manifest [K
pulling 60e05f210007: 100% ▕█████████████████ ▏ 4.7 GB/4.7 GB  306 MB/s      0s[K
pulling 66b9ea09bd5b: 100% ▕██████████████████▏   68 B                         [K
pulling 1e65450c3067: 100% ▕██████████████████▏ 1.6 KB                         [K
pulling 832dd9e00a68: 100% ▕██████████████████▏  11 KB                         [K
verifying sha256 digest ⠋ [K[?25h[?2026l[?2026h[?25l[A[A[A[A[A[1Gpulling manifest [K
pulling 60e05f210007: 100% ▕█████████████████ ▏ 4.7 GB/4.7 GB  306 MB/s      0s[K
pulling 66b9ea09bd5b: 100% ▕██████████████████▏   68 B                         [K
pulling 1e65450c3067: 100% ▕██████████████████▏ 1.6 KB                         [K
pulling 832dd9e00a68: 100% ▕██████████████████▏  11 KB                         [K
verifying sha256 digest ⠙ [K[?25h[?2026l[?2026h[?25l[A[A[A[A[A[1Gpulling manifest [K
pulling 60e05f210007: 100% ▕█████████████████ ▏ 4.7 GB/4.7 GB  306 MB/s      0s[K
pulling 66b9ea09bd5b: 100% ▕██████████████████▏   68 B                         [K
pulling 1e65450c3067: 100% ▕██████████████████▏ 1.6 KB                         [K
pulling 832dd9e00a68: 100% ▕██████████████████▏  11 KB                         [K
verifying sha256 digest ⠹ [K[?25h[?2026l[?2026h[?25l[A[A[A[A[A[1Gpulling manifest [K
pulling 60e05f210007: 100% ▕█████████████████ ▏ 4.7 GB/4.7 GB  306 MB/s      0s[K
pulling 66b9ea09bd5b: 100% ▕██████████████████▏   68 B                         [K
pulling 1e65450c3067: 100% ▕██████████████████▏ 1.6 KB                         [K
pulling 832dd9e00a68: 100% ▕██████████████████▏  11 KB                         [K
verifying sha256 digest ⠸ [K[?25h[?2026l[?2026h[?25l[A[A[A[A[A[1Gpulling manifest [K
pulling 60e05f210007: 100% ▕█████████████████ ▏ 4.7 GB/4.7 GB  306 MB/s      0s[K
pulling 66b9ea09bd5b: 100% ▕██████████████████▏   68 B                         [K
pulling 1e65450c3067: 100% ▕██████████████████▏ 1.6 KB                         [K
pulling 832dd9e00a68: 100% ▕██████████████████▏  11 KB                         [K
verifying sha256 digest ⠼ [K[?25h[?2026l[?2026h[?25l[A[A[A[A[A[1Gpulling manifest [K
pulling 60e05f210007: 100% ▕█████████████████ ▏ 4.7 GB/4.7 GB  306 MB/s      0s[K
pulling 66b9ea09bd5b: 100% ▕██████████████████▏   68 B                         [K
pulling 1e65450c3067: 100% ▕██████████████████▏ 1.6 KB                         [K
pulling 832dd9e00a68: 100% ▕██████████████████▏  11 KB                         [K
verifying sha256 digest ⠴ [K[?25h[?2026l[?2026h[?25l[A[A[A[A[A[1Gpulling manifest [K
pulling 60e05f210007: 100% ▕█████████████████ ▏ 4.7 GB/4.7 GB  306 MB/s      0s[K
pulling 66b9ea09bd5b: 100% ▕██████████████████▏   68 B                         [K
pulling 1e65450c3067: 100% ▕██████████████████▏ 1.6 KB                         [K
pulling 832dd9e00a68: 100% ▕██████████████████▏  11 KB                         [K
verifying sha256 digest ⠦ [K[?25h[?2026l[?2026h[?25l[A[A[A[A[A[1Gpulling manifest [K
pulling 60e05f210007: 100% ▕█████████████████ ▏ 4.7 GB/4.7 GB  306 MB/s      0s[K
pulling 66b9ea09bd5b: 100% ▕██████████████████▏   68 B                         [K
pulling 1e65450c3067: 100% ▕██████████████████▏ 1.6 KB                         [K
pulling 832dd9e00a68: 100% ▕██████████████████▏  11 KB                         [K
verifying sha256 digest ⠧ [K[?25h[?2026l[?2026h[?25l[A[A[A[A[A[1Gpulling manifest [K
pulling 60e05f210007: 100% ▕█████████████████ ▏ 4.7 GB/4.7 GB  306 MB/s      0s[K
pulling 66b9ea09bd5b: 100% ▕██████████████████▏   68 B                         [K
pulling 1e65450c3067: 100% ▕██████████████████▏ 1.6 KB                         [K
pulling 832dd9e00a68: 100% ▕██████████████████▏  11 KB                         [K
verifying sha256 digest ⠇ [K[?25h[?2026l[?2026h[?25l[A[A[A[A[A[1Gpulling manifest [K
pulling 60e05f210007: 100% ▕█████████████████ ▏ 4.7 GB/4.7 GB  306 MB/s      0s[K
pulling 66b9ea09bd5b: 100% ▕██████████████████▏   68 B                         [K
pulling 1e65450c3067: 100% ▕██████████████████▏ 1.6 KB                         [K
pulling 832dd9e00a68: 100% ▕██████████████████▏  11 KB                         [K
verifying sha256 digest ⠏ [K[?25h[?2026l[?2026h[?25l[A[A[A[A[A[1Gpulling manifest [K
pulling 60e05f210007: 100% ▕█████████████████ ▏ 4.7 GB/4.7 GB  306 MB/s      0s[K
pulling 66b9ea09bd5b: 100% ▕██████████████████▏   68 B                         [K
pulling 1e65450c3067: 100% ▕██████████████████▏ 1.6 KB                         [K
pulling 832dd9e00a68: 100% ▕██████████████████▏  11 KB                         [K
verifying sha256 digest ⠋ [K[?25h[?2026l[?2026h[?25l[A[A[A[A[A[1Gpulling manifest [K
pulling 60e05f210007: 100% ▕█████████████████ ▏ 4.7 GB/4.7 GB  306 MB/s      0s[K
pulling 66b9ea09bd5b: 100% ▕██████████████████▏   68 B                         [K
pulling 1e65450c3067: 100% ▕██████████████████▏ 1.6 KB                         [K
pulling 832dd9e00a68: 100% ▕██████████████████▏  11 KB                         [K
verifying sha256 digest ⠙ [K[?25h[?2026l[?2026h[?25l[A[A[A[A[A[1Gpulling manifest [K
pulling 60e05f210007: 100% ▕█████████████████ ▏ 4.7 GB/4.7 GB  306 MB/s      0s[K
pulling 66b9ea09bd5b: 100% ▕██████████████████▏   68 B                         [K
pulling 1e65450c3067: 100% ▕██████████████████▏ 1.6 KB                         [K
pulling 832dd9e00a68: 100% ▕██████████████████▏  11 KB                         [K
verifying sha256 digest ⠹ [K[?25h[?2026l[?2026h[?25l[A[A[A[A[A[1Gpulling manifest [K
pulling 60e05f210007: 100% ▕█████████████████ ▏ 4.7 GB/4.7 GB  306 MB/s      0s[K
pulling 66b9ea09bd5b: 100% ▕██████████████████▏   68 B                         [K
pulling 1e65450c3067: 100% ▕██████████████████▏ 1.6 KB                         [K
pulling 832dd9e00a68: 100% ▕██████████████████▏  11 KB                         [K
verifying sha256 digest ⠸ [K[?25h[?2026l[?2026h[?25l[A[A[A[A[A[1Gpulling manifest [K
pulling 60e05f210007: 100% ▕█████████████████ ▏ 4.7 GB/4.7 GB  306 MB/s      0s[K
pulling 66b9ea09bd5b: 100% ▕██████████████████▏   68 B                         [K
pulling 1e65450c3067: 100% ▕██████████████████▏ 1.6 KB                         [K
pulling 832dd9e00a68: 100% ▕██████████████████▏  11 KB                         [K
verifying sha256 digest ⠼ [K[?25h[?2026l[?2026h[?25l[A[A[A[A[A[1Gpulling manifest [K
pulling 60e05f210007: 100% ▕█████████████████ ▏ 4.7 GB/4.7 GB  306 MB/s      0s[K
pulling 66b9ea09bd5b: 100% ▕██████████████████▏   68 B                         [K
pulling 1e65450c3067: 100% ▕██████████████████▏ 1.6 KB                         [K
pulling 832dd9e00a68: 100% ▕██████████████████▏  11 KB                         [K
verifying sha256 digest ⠴ [K[?25h[?2026l[?2026h[?25l[A[A[A[A[A[1Gpulling manifest [K
pulling 60e05f210007: 100% ▕█████████████████ ▏ 4.7 GB/4.7 GB  306 MB/s      0s[K
pulling 66b9ea09bd5b: 100% ▕██████████████████▏   68 B                         [K
pulling 1e65450c3067: 100% ▕██████████████████▏ 1.6 KB                         [K
pulling 832dd9e00a68: 100% ▕██████████████████▏  11 KB                         [K
verifying sha256 digest ⠦ [K[?25h[?2026l[?2026h[?25l[A[A[A[A[A[1Gpulling manifest [K
pulling 60e05f210007: 100% ▕█████████████████ ▏ 4.7 GB/4.7 GB  306 MB/s      0s[K
pulling 66b9ea09bd5b: 100% ▕██████████████████▏   68 B                         [K
pulling 1e65450c3067: 100% ▕██████████████████▏ 1.6 KB                         [K
pulling 832dd9e00a68: 100% ▕██████████████████▏  11 KB                         [K
verifying sha256 digest ⠧ [K[?25h[?2026l[?2026h[?25l[A[A[A[A[A[1Gpulling manifest [K
pulling 60e05f210007: 100% ▕█████████████████ ▏ 4.7 GB/4.7 GB  306 MB/s      0s[K
pulling 66b9ea09bd5b: 100% ▕██████████████████▏   68 B                         [K
pulling 1e65450c3067: 100% ▕██████████████████▏ 1.6 KB                         [K
pulling 832dd9e00a68: 100% ▕██████████████████▏  11 KB                         [K
verifying sha256 digest ⠇ [K[?25h[?2026l[?2026h[?25l[A[A[A[A[A[1Gpulling manifest [K
pulling 60e05f210007: 100% ▕█████████████████ ▏ 4.7 GB/4.7 GB  306 MB/s      0s[K
pulling 66b9ea09bd5b: 100% ▕██████████████████▏   68 B                         [K
pulling 1e65450c3067: 100% ▕██████████████████▏ 1.6 KB                         [K
pulling 832dd9e00a68: 100% ▕██████████████████▏  11 KB                         [K
verifying sha256 digest ⠏ [K[?25h[?2026l[?2026h[?25l[A[A[A[A[A[1Gpulling manifest [K
pulling 60e05f210007: 100% ▕█████████████████ ▏ 4.7 GB/4.7 GB  306 MB/s      0s[K
pulling 66b9ea09bd5b: 100% ▕██████████████████▏   68 B                         [K
pulling 1e65450c3067: 100% ▕██████████████████▏ 1.6 KB                         [K
pulling 832dd9e00a68: 100% ▕██████████████████▏  11 KB                         [K
verifying sha256 digest ⠋ [K[?25h[?2026l[?2026h[?25l[A[A[A[A[A[1Gpulling manifest [K
pulling 60e05f210007: 100% ▕█████████████████ ▏ 4.7 GB/4.7 GB  306 MB/s      0s[K
pulling 66b9ea09bd5b: 100% ▕██████████████████▏   68 B                         [K
pulling 1e65450c3067: 100% ▕██████████████████▏ 1.6 KB                         [K
pulling 832dd9e00a68: 100% ▕██████████████████▏  11 KB                         [K
verifying sha256 digest ⠙ [K[?25h[?2026l[?2026h[?25l[A[A[A[A[A[1Gpulling manifest [K
pulling 60e05f210007: 100% ▕█████████████████ ▏ 4.7 GB/4.7 GB  306 MB/s      0s[K
pulling 66b9ea09bd5b: 100% ▕██████████████████▏   68 B                         [K
pulling 1e65450c3067: 100% ▕██████████████████▏ 1.6 KB                         [K
pulling 832dd9e00a68: 100% ▕██████████████████▏  11 KB                         [K
verifying sha256 digest ⠹ [K[?25h[?2026l[?2026h[?25l[A[A[A[A[A[1Gpulling manifest [K
pulling 60e05f210007: 100% ▕█████████████████ ▏ 4.7 GB/4.7 GB  306 MB/s      0s[K
pulling 66b9ea09bd5b: 100% ▕██████████████████▏   68 B                         [K
pulling 1e65450c3067: 100% ▕██████████████████▏ 1.6 KB                         [K
pulling 832dd9e00a68: 100% ▕██████████████████▏  11 KB                         [K
verifying sha256 digest ⠸ [K[?25h[?2026l[?2026h[?25l[A[A[A[A[A[1Gpulling manifest [K
pulling 60e05f210007: 100% ▕█████████████████ ▏ 4.7 GB/4.7 GB  306 MB/s      0s[K
pulling 66b9ea09bd5b: 100% ▕██████████████████▏   68 B                         [K
pulling 1e65450c3067: 100% ▕██████████████████▏ 1.6 KB                         [K
pulling 832dd9e00a68: 100% ▕██████████████████▏  11 KB                         [K
verifying sha256 digest ⠼ [K[?25h[?2026l[?2026h[?25l[A[A[A[A[A[1Gpulling manifest [K
pulling 60e05f210007: 100% ▕█████████████████ ▏ 4.7 GB/4.7 GB  306 MB/s      0s[K
pulling 66b9ea09bd5b: 100% ▕██████████████████▏   68 B                         [K
pulling 1e65450c3067: 100% ▕██████████████████▏ 1.6 KB                         [K
pulling 832dd9e00a68: 100% ▕██████████████████▏  11 KB                         [K
verifying sha256 digest ⠴ [K[?25h[?2026l[?2026h[?25l[A[A[A[A[A[1Gpulling manifest [K
pulling 60e05f210007: 100% ▕█████████████████ ▏ 4.7 GB/4.7 GB  306 MB/s      0s[K
pulling 66b9ea09bd5b: 100% ▕██████████████████▏   68 B                         [K
pulling 1e65450c3067: 100% ▕██████████████████▏ 1.6 KB                         [K
pulling 832dd9e00a68: 100% ▕██████████████████▏  11 KB                         [K
verifying sha256 digest ⠦ [K[?25h[?2026l[?2026h[?25l[A[A[A[A[A[1Gpulling manifest [K
pulling 60e05f210007: 100% ▕█████████████████ ▏ 4.7 GB/4.7 GB  306 MB/s      0s[K
pulling 66b9ea09bd5b: 100% ▕██████████████████▏   68 B                         [K
pulling 1e65450c3067: 100% ▕██████████████████▏ 1.6 KB                         [K
pulling 832dd9e00a68: 100% ▕██████████████████▏  11 KB                         [K
verifying sha256 digest ⠧ [K[?25h[?2026l[?2026h[?25l[A[A[A[A[A[1Gpulling manifest [K
pulling 60e05f210007: 100% ▕█████████████████ ▏ 4.7 GB/4.7 GB  306 MB/s      0s[K
pulling 66b9ea09bd5b: 100% ▕██████████████████▏   68 B                         [K
pulling 1e65450c3067: 100% ▕██████████████████▏ 1.6 KB                         [K
pulling 832dd9e00a68: 100% ▕██████████████████▏  11 KB                         [K
verifying sha256 digest ⠇ [K[?25h[?2026l[?2026h[?25l[A[A[A[A[A[1Gpulling manifest [K
pulling 60e05f210007: 100% ▕█████████████████ ▏ 4.7 GB/4.7 GB  306 MB/s      0s[K
pulling 66b9ea09bd5b: 100% ▕██████████████████▏   68 B                         [K
pulling 1e65450c3067: 100% ▕██████████████████▏ 1.6 KB                         [K
pulling 832dd9e00a68: 100% ▕██████████████████▏  11 KB                         [K
verifying sha256 digest ⠏ [K[?25h[?2026l[?2026h[?25l[A[A[A[A[A[1Gpulling manifest [K
pulling 60e05f210007: 100% ▕█████████████████ ▏ 4.7 GB/4.7 GB  306 MB/s      0s[K
pulling 66b9ea09bd5b: 100% ▕██████████████████▏   68 B                         [K
pulling 1e65450c3067: 100% ▕██████████████████▏ 1.6 KB                         [K
pulling 832dd9e00a68: 100% ▕██████████████████▏  11 KB                         [K
verifying sha256 digest ⠋ [K[?25h[?2026l[?2026h[?25l[A[A[A[A[A[1Gpulling manifest [K
pulling 60e05f210007: 100% ▕█████████████████ ▏ 4.7 GB/4.7 GB  306 MB/s      0s[K
pulling 66b9ea09bd5b: 100% ▕██████████████████▏   68 B                         [K
pulling 1e65450c3067: 100% ▕██████████████████▏ 1.6 KB                         [K
pulling 832dd9e00a68: 100% ▕██████████████████▏  11 KB                         [K
verifying sha256 digest ⠙ [K[?25h[?2026l[?2026h[?25l[A[A[A[A[A[1Gpulling manifest [K
pulling 60e05f210007: 100% ▕█████████████████ ▏ 4.7 GB/4.7 GB  306 MB/s      0s[K
pulling 66b9ea09bd5b: 100% ▕██████████████████▏   68 B                         [K
pulling 1e65450c3067: 100% ▕██████████████████▏ 1.6 KB                         [K
pulling 832dd9e00a68: 100% ▕██████████████████▏  11 KB                         [K
verifying sha256 digest ⠹ [K[?25h[?2026l[?2026h[?25l[A[A[A[A[A[1Gpulling manifest [K
pulling 60e05f210007: 100% ▕█████████████████ ▏ 4.7 GB/4.7 GB  306 MB/s      0s[K
pulling 66b9ea09bd5b: 100% ▕██████████████████▏   68 B                         [K
pulling 1e65450c3067: 100% ▕██████████████████▏ 1.6 KB                         [K
pulling 832dd9e00a68: 100% ▕██████████████████▏  11 KB                         [K
verifying sha256 digest ⠸ [K[?25h[?2026l[?2026h[?25l[A[A[A[A[A[1Gpulling manifest [K
pulling 60e05f210007: 100% ▕█████████████████ ▏ 4.7 GB/4.7 GB  306 MB/s      0s[K
pulling 66b9ea09bd5b: 100% ▕██████████████████▏   68 B                         [K
pulling 1e65450c3067: 100% ▕██████████████████▏ 1.6 KB                         [K
pulling 832dd9e00a68: 100% ▕██████████████████▏  11 KB                         [K
verifying sha256 digest ⠼ [K[?25h[?2026l[?2026h[?25l[A[A[A[A[A[1Gpulling manifest [K
pulling 60e05f210007: 100% ▕█████████████████ ▏ 4.7 GB/4.7 GB  306 MB/s      0s[K
pulling 66b9ea09bd5b: 100% ▕██████████████████▏   68 B                         [K
pulling 1e65450c3067: 100% ▕██████████████████▏ 1.6 KB                         [K
pulling 832dd9e00a68: 100% ▕██████████████████▏  11 KB                         [K
verifying sha256 digest ⠴ [K[?25h[?2026l[?2026h[?25l[A[A[A[A[A[1Gpulling manifest [K
pulling 60e05f210007: 100% ▕█████████████████ ▏ 4.7 GB/4.7 GB  306 MB/s      0s[K
pulling 66b9ea09bd5b: 100% ▕██████████████████▏   68 B                         [K
pulling 1e65450c3067: 100% ▕██████████████████▏ 1.6 KB                         [K
pulling 832dd9e00a68: 100% ▕██████████████████▏  11 KB                         [K
verifying sha256 digest ⠦ [K[?25h[?2026l[?2026h[?25l[A[A[A[A[A[1Gpulling manifest [K
pulling 60e05f210007: 100% ▕█████████████████ ▏ 4.7 GB/4.7 GB  306 MB/s      0s[K
pulling 66b9ea09bd5b: 100% ▕██████████████████▏   68 B                         [K
pulling 1e65450c3067: 100% ▕██████████████████▏ 1.6 KB                         [K
pulling 832dd9e00a68: 100% ▕██████████████████▏  11 KB                         [K
verifying sha256 digest ⠧ [K[?25h[?2026l[?2026h[?25l[A[A[A[A[A[1Gpulling manifest [K
pulling 60e05f210007: 100% ▕█████████████████ ▏ 4.7 GB/4.7 GB  306 MB/s      0s[K
pulling 66b9ea09bd5b: 100% ▕██████████████████▏   68 B                         [K
pulling 1e65450c3067: 100% ▕██████████████████▏ 1.6 KB                         [K
pulling 832dd9e00a68: 100% ▕██████████████████▏  11 KB                         [K
verifying sha256 digest ⠇ [K[?25h[?2026l[?2026h[?25l[A[A[A[A[A[1Gpulling manifest [K
pulling 60e05f210007: 100% ▕█████████████████ ▏ 4.7 GB/4.7 GB  306 MB/s      0s[K
pulling 66b9ea09bd5b: 100% ▕██████████████████▏   68 B                         [K
pulling 1e65450c3067: 100% ▕██████████████████▏ 1.6 KB                         [K
pulling 832dd9e00a68: 100% ▕██████████████████▏  11 KB                         [K
verifying sha256 digest ⠏ [K[?25h[?2026l[?2026h[?25l[A[A[A[A[A[1Gpulling manifest [K
pulling 60e05f210007: 100% ▕█████████████████ ▏ 4.7 GB/4.7 GB  306 MB/s      0s[K
pulling 66b9ea09bd5b: 100% ▕██████████████████▏   68 B                         [K
pulling 1e65450c3067: 100% ▕██████████████████▏ 1.6 KB                         [K
pulling 832dd9e00a68: 100% ▕██████████████████▏  11 KB                         [K
verifying sha256 digest ⠋ [K[?25h[?2026l[?2026h[?25l[A[A[A[A[A[1Gpulling manifest [K
pulling 60e05f210007: 100% ▕█████████████████ ▏ 4.7 GB/4.7 GB  306 MB/s      0s[K
pulling 66b9ea09bd5b: 100% ▕██████████████████▏   68 B                         [K
pulling 1e65450c3067: 100% ▕██████████████████▏ 1.6 KB                         [K
pulling 832dd9e00a68: 100% ▕██████████████████▏  11 KB                         [K
verifying sha256 digest ⠙ [K[?25h[?2026l[?2026h[?25l[A[A[A[A[A[1Gpulling manifest [K
pulling 60e05f210007: 100% ▕█████████████████ ▏ 4.7 GB/4.7 GB  306 MB/s      0s[K
pulling 66b9ea09bd5b: 100% ▕██████████████████▏   68 B                         [K
pulling 1e65450c3067: 100% ▕██████████████████▏ 1.6 KB                         [K
pulling 832dd9e00a68: 100% ▕██████████████████▏  11 KB                         [K
verifying sha256 digest ⠹ [K[?25h[?2026l[?2026h[?25l[A[A[A[A[A[1Gpulling manifest [K
pulling 60e05f210007: 100% ▕█████████████████ ▏ 4.7 GB/4.7 GB  306 MB/s      0s[K
pulling 66b9ea09bd5b: 100% ▕██████████████████▏   68 B                         [K
pulling 1e65450c3067: 100% ▕██████████████████▏ 1.6 KB                         [K
pulling 832dd9e00a68: 100% ▕██████████████████▏  11 KB                         [K
verifying sha256 digest ⠸ [K[?25h[?2026l[?2026h[?25l[A[A[A[A[A[1Gpulling manifest [K
pulling 60e05f210007: 100% ▕█████████████████ ▏ 4.7 GB/4.7 GB  306 MB/s      0s[K
pulling 66b9ea09bd5b: 100% ▕██████████████████▏   68 B                         [K
pulling 1e65450c3067: 100% ▕██████████████████▏ 1.6 KB                         [K
pulling 832dd9e00a68: 100% ▕██████████████████▏  11 KB                         [K
verifying sha256 digest ⠼ [K[?25h[?2026l[?2026h[?25l[A[A[A[A[A[1Gpulling manifest [K
pulling 60e05f210007: 100% ▕█████████████████ ▏ 4.7 GB/4.7 GB  306 MB/s      0s[K
pulling 66b9ea09bd5b: 100% ▕██████████████████▏   68 B                         [K
pulling 1e65450c3067: 100% ▕██████████████████▏ 1.6 KB                         [K
pulling 832dd9e00a68: 100% ▕██████████████████▏  11 KB                         [K
verifying sha256 digest ⠴ [K[?25h[?2026l[?2026h[?25l[A[A[A[A[A[1Gpulling manifest [K
pulling 60e05f210007: 100% ▕█████████████████ ▏ 4.7 GB/4.7 GB  306 MB/s      0s[K
pulling 66b9ea09bd5b: 100% ▕██████████████████▏   68 B                         [K
pulling 1e65450c3067: 100% ▕██████████████████▏ 1.6 KB                         [K
pulling 832dd9e00a68: 100% ▕██████████████████▏  11 KB                         [K
verifying sha256 digest ⠦ [K[?25h[?2026l[?2026h[?25l[A[A[A[A[A[1Gpulling manifest [K
pulling 60e05f210007: 100% ▕█████████████████ ▏ 4.7 GB/4.7 GB  306 MB/s      0s[K
pulling 66b9ea09bd5b: 100% ▕██████████████████▏   68 B                         [K
pulling 1e65450c3067: 100% ▕██████████████████▏ 1.6 KB                         [K
pulling 832dd9e00a68: 100% ▕██████████████████▏  11 KB                         [K
verifying sha256 digest ⠧ [K[?25h[?2026l[?2026h[?25l[A[A[A[A[A[1Gpulling manifest [K
pulling 60e05f210007: 100% ▕█████████████████ ▏ 4.7 GB/4.7 GB  306 MB/s      0s[K
pulling 66b9ea09bd5b: 100% ▕██████████████████▏   68 B                         [K
pulling 1e65450c3067: 100% ▕██████████████████▏ 1.6 KB                         [K
pulling 832dd9e00a68: 100% ▕██████████████████▏  11 KB                         [K
verifying sha256 digest ⠇ [K[?25h[?2026l[?2026h[?25l[A[A[A[A[A[1Gpulling manifest [K
pulling 60e05f210007: 100% ▕█████████████████ ▏ 4.7 GB/4.7 GB  306 MB/s      0s[K
pulling 66b9ea09bd5b: 100% ▕██████████████████▏   68 B                         [K
pulling 1e65450c3067: 100% ▕██████████████████▏ 1.6 KB                         [K
pulling 832dd9e00a68: 100% ▕██████████████████▏  11 KB                         [K
verifying sha256 digest ⠏ [K[?25h[?2026l[?2026h[?25l[A[A[A[A[A[1Gpulling manifest [K
pulling 60e05f210007: 100% ▕█████████████████ ▏ 4.7 GB/4.7 GB  306 MB/s      0s[K
pulling 66b9ea09bd5b: 100% ▕██████████████████▏   68 B                         [K
pulling 1e65450c3067: 100% ▕██████████████████▏ 1.6 KB                         [K
pulling 832dd9e00a68: 100% ▕██████████████████▏  11 KB                         [K
verifying sha256 digest ⠋ [K[?25h[?2026l[?2026h[?25l[A[A[A[A[A[1Gpulling manifest [K
pulling 60e05f210007: 100% ▕█████████████████ ▏ 4.7 GB/4.7 GB  306 MB/s      0s[K
pulling 66b9ea09bd5b: 100% ▕██████████████████▏   68 B                         [K
pulling 1e65450c3067: 100% ▕██████████████████▏ 1.6 KB                         [K
pulling 832dd9e00a68: 100% ▕██████████████████▏  11 KB                         [K
verifying sha256 digest ⠙ [K[?25h[?2026l[?2026h[?25l[A[A[A[A[A[1Gpulling manifest [K
pulling 60e05f210007: 100% ▕█████████████████ ▏ 4.7 GB/4.7 GB  306 MB/s      0s[K
pulling 66b9ea09bd5b: 100% ▕██████████████████▏   68 B                         [K
pulling 1e65450c3067: 100% ▕██████████████████▏ 1.6 KB                         [K
pulling 832dd9e00a68: 100% ▕██████████████████▏  11 KB                         [K
verifying sha256 digest ⠹ [K[?25h[?2026l[?2026h[?25l[A[A[A[A[A[1Gpulling manifest [K
pulling 60e05f210007: 100% ▕█████████████████ ▏ 4.7 GB/4.7 GB  306 MB/s      0s[K
pulling 66b9ea09bd5b: 100% ▕██████████████████▏   68 B                         [K
pulling 1e65450c3067: 100% ▕██████████████████▏ 1.6 KB                         [K
pulling 832dd9e00a68: 100% ▕██████████████████▏  11 KB                         [K
verifying sha256 digest ⠸ [K[?25h[?2026l[?2026h[?25l[A[A[A[A[A[1Gpulling manifest [K
pulling 60e05f210007: 100% ▕█████████████████ ▏ 4.7 GB/4.7 GB  306 MB/s      0s[K
pulling 66b9ea09bd5b: 100% ▕██████████████████▏   68 B                         [K
pulling 1e65450c3067: 100% ▕██████████████████▏ 1.6 KB                         [K
pulling 832dd9e00a68: 100% ▕██████████████████▏  11 KB                         [K
verifying sha256 digest ⠼ [K[?25h[?2026l[GIN] 2026/09/27 - 03:42:23 | 200 | 22.039830767s |       127.0.0.1 | POST     "/api/pull"
[?2026h[?25l[A[A[A[A[A[1Gpulling manifest [K
pulling 60e05f210007: 100% ▕█████████████████ ▏ 4.7 GB/4.7 GB  306 MB/s      0s[K
pulling 66b9ea09bd5b: 100% ▕██████████████████▏   68 B                         [K
pulling 1e65450c3067: 100% ▕██████████████████▏ 1.6 KB                         [K
pulling 832dd9e00a68: 100% ▕██████████████████▏  11 KB                         [K
verifying sha256 digest [K
writing manifest [K
success [K[?25h[?2026l
Saving image...
Image saved, took 6.53s

Built image im-7AXqsznDHu0SqHE9XnnXUr in 54.24s


Building image im-XG5fQhsSx9qgk91uD6q62Y

=> Step 0: FROM base

=> Step 1: RUN python -m pip install 'fastapi[standard]==0.115.*' 'httpx==0.27.*'
Looking in indexes: http://pypi-mirror.modal.local:5555/simple
Collecting fastapi==0.115.* (from fastapi[standard]==0.115.*)
  Downloading http://pypi-mirror.modal.local:5555/simple/fastapi/fastapi-0.115.14-py3-none-any.whl.metadata (27 kB)
Collecting httpx==0.27.*
  Downloading http://pypi-mirror.modal.local:5555/simple/httpx/httpx-0.27.2-py3-none-any.whl.metadata (7.1 kB)
Collecting starlette<0.47.0,>=0.40.0 (from fastapi==0.115.*->fastapi[standard]==0.115.*)
  Downloading http://pypi-mirror.modal.local:5555/simple/starlette/starlette-0.46.2-py3-none-any.whl.metadata (6.2 kB)
Collecting pydantic!=1.8,!=1.8.1,!=2.0.0,!=2.0.1,!=2.1.0,<3.0.0,>=1.7.4 (from fastapi==0.115.*->fastapi[standard]==0.115.*)
  Downloading http://pypi-mirror.modal.local:5555/simple/pydantic/pydantic-2.13.5-py3-none-any.whl.metadata (110 kB)
Collecting typing-extensions>=4.8.0 (from fastapi==0.115.*->fastapi[standard]==0.115.*)
  Downloading http://pypi-mirror.modal.local:5555/simple/typing-extensions/typing_extensions-4.16.0-py3-none-any.whl.metadata (3.3 kB)
Collecting anyio (from httpx==0.27.*)
  Downloading http://pypi-mirror.modal.local:5555/simple/anyio/anyio-4.15.1-py3-none-any.whl.metadata (4.7 kB)
Collecting certifi (from httpx==0.27.*)
  Downloading http://pypi-mirror.modal.local:5555/simple/certifi/certifi-2026.7.22-py3-none-any.whl.metadata (2.5 kB)
Collecting httpcore==1.* (from httpx==0.27.*)
  Downloading http://pypi-mirror.modal.local:5555/simple/httpcore/httpcore-1.0.9-py3-none-any.whl.metadata (21 kB)
Collecting idna (from httpx==0.27.*)
  Downloading http://pypi-mirror.modal.local:5555/simple/idna/idna-3.20-py3-none-any.whl.metadata (7.2 kB)
Collecting sniffio (from httpx==0.27.*)
  Downloading http://pypi-mirror.modal.local:5555/simple/sniffio/sniffio-1.3.1-py3-none-any.whl.metadata (3.9 kB)
Collecting fastapi-cli>=0.0.5 (from fastapi-cli[standard]>=0.0.5; extra == "standard"->fastapi[standard]==0.115.*)
  Downloading http://pypi-mirror.modal.local:5555/simple/fastapi-cli/fastapi_cli-0.0.32-py3-none-any.whl.metadata (6.7 kB)
Collecting jinja2>=3.1.5 (from fastapi[standard]==0.115.*)
  Downloading http://pypi-mirror.modal.local:5555/simple/jinja2/jinja2-3.1.6-py3-none-any.whl.metadata (2.9 kB)
Collecting python-multipart>=0.0.18 (from fastapi[standard]==0.115.*)
  Downloading http://pypi-mirror.modal.local:5555/simple/python-multipart/python_multipart-0.0.32-py3-none-any.whl.metadata (2.1 kB)
Collecting email-validator>=2.0.0 (from fastapi[standard]==0.115.*)
  Downloading http://pypi-mirror.modal.local:5555/simple/email-validator/email_validator-2.3.0-py3-none-any.whl.metadata (26 kB)
Collecting uvicorn>=0.12.0 (from uvicorn[standard]>=0.12.0; extra == "standard"->fastapi[standard]==0.115.*)
  Downloading http://pypi-mirror.modal.local:5555/simple/uvicorn/uvicorn-0.54.0-py3-none-any.whl.metadata (6.6 kB)
Collecting h11>=0.16 (from httpcore==1.*->httpx==0.27.*)
  Downloading http://pypi-mirror.modal.local:5555/simple/h11/h11-0.16.0-py3-none-any.whl.metadata (8.3 kB)
Collecting annotated-types>=0.6.0 (from pydantic!=1.8,!=1.8.1,!=2.0.0,!=2.0.1,!=2.1.0,<3.0.0,>=1.7.4->fastapi==0.115.*->fastapi[standard]==0.115.*)
  Downloading http://pypi-mirror.modal.local:5555/simple/annotated-types/annotated_types-0.8.0-py3-none-any.whl.metadata (15 kB)
Collecting pydantic-core==2.46.5 (from pydantic!=1.8,!=1.8.1,!=2.0.0,!=2.0.1,!=2.1.0,<3.0.0,>=1.7.4->fastapi==0.115.*->fastapi[standard]==0.115.*)
  Downloading http://pypi-mirror.modal.local:5555/simple/pydantic-core/pydantic_core-2.46.5-cp311-cp311-manylinux_2_17_x86_64.manylinux2014_x86_64.whl.metadata (6.6 kB)
Collecting typing-inspection>=0.4.2 (from pydantic!=1.8,!=1.8.1,!=2.0.0,!=2.0.1,!=2.1.0,<3.0.0,>=1.7.4->fastapi==0.115.*->fastapi[standard]==0.115.*)
  Downloading http://pypi-mirror.modal.local:5555/simple/typing-inspection/typing_inspection-0.4.4-py3-none-any.whl.metadata (2.6 kB)
Collecting dnspython>=2.0.0 (from email-validator>=2.0.0->fastapi[standard]==0.115.*)
  Downloading http://pypi-mirror.modal.local:5555/simple/dnspython/dnspython-2.8.0-py3-none-any.whl.metadata (5.7 kB)
Collecting typer>=0.16.0 (from fastapi-cli>=0.0.5->fastapi-cli[standard]>=0.0.5; extra == "standard"->fastapi[standard]==0.115.*)
  Downloading http://pypi-mirror.modal.local:5555/simple/typer/typer-0.27.2-py3-none-any.whl.metadata (16 kB)
Collecting rich-toolkit>=0.14.8 (from fastapi-cli>=0.0.5->fastapi-cli[standard]>=0.0.5; extra == "standard"->fastapi[standard]==0.115.*)
  Downloading http://pypi-mirror.modal.local:5555/simple/rich-toolkit/rich_toolkit-0.20.5-py3-none-any.whl.metadata (3.0 kB)
Collecting fastapi-cloud-cli>=0.1.1 (from fastapi-cli[standard]>=0.0.5; extra == "standard"->fastapi[standard]==0.115.*)
  Downloading http://pypi-mirror.modal.local:5555/simple/fastapi-cloud-cli/fastapi_cloud_cli-0.26.0-py3-none-any.whl.metadata (3.1 kB)
Collecting rignore>=0.5.1 (from fastapi-cloud-cli>=0.1.1->fastapi-cli[standard]>=0.0.5; extra == "standard"->fastapi[standard]==0.115.*)
  Downloading http://pypi-mirror.modal.local:5555/simple/rignore/rignore-0.8.1-cp311-cp311-manylinux_2_17_x86_64.manylinux2014_x86_64.whl.metadata (4.2 kB)
Collecting sentry-sdk>=2.20.0 (from fastapi-cloud-cli>=0.1.1->fastapi-cli[standard]>=0.0.5; extra == "standard"->fastapi[standard]==0.115.*)
  Downloading http://pypi-mirror.modal.local:5555/simple/sentry-sdk/sentry_sdk-2.70.0-py3-none-any.whl.metadata (11 kB)
Collecting fastar>=0.10.0 (from fastapi-cloud-cli>=0.1.1->fastapi-cli[standard]>=0.0.5; extra == "standard"->fastapi[standard]==0.115.*)
  Downloading http://pypi-mirror.modal.local:5555/simple/fastar/fastar-0.12.0-cp311-cp311-manylinux_2_17_x86_64.manylinux2014_x86_64.whl.metadata (4.1 kB)
Collecting detect-installer>=0.1.0 (from fastapi-cloud-cli>=0.1.1->fastapi-cli[standard]>=0.0.5; extra == "standard"->fastapi[standard]==0.115.*)
  Downloading http://pypi-mirror.modal.local:5555/simple/detect-installer/detect_installer-0.2.1-py3-none-any.whl.metadata (1.2 kB)
Collecting agent-detector>=1.1.0 (from fastapi-cloud-cli>=0.1.1->fastapi-cli[standard]>=0.0.5; extra == "standard"->fastapi[standard]==0.115.*)
  Downloading http://pypi-mirror.modal.local:5555/simple/agent-detector/agent_detector-2.0.0-py3-none-any.whl.metadata (6.6 kB)
Collecting MarkupSafe>=2.0 (from jinja2>=3.1.5->fastapi[standard]==0.115.*)
  Downloading http://pypi-mirror.modal.local:5555/simple/markupsafe/markupsafe-3.0.3-cp311-cp311-manylinux2014_x86_64.manylinux_2_17_x86_64.manylinux_2_28_x86_64.whl.metadata (2.7 kB)
Collecting click>=8.1.7 (from rich-toolkit>=0.14.8->fastapi-cli>=0.0.5->fastapi-cli[standard]>=0.0.5; extra == "standard"->fastapi[standard]==0.115.*)
  Downloading http://pypi-mirror.modal.local:5555/simple/click/click-8.5.0-py3-none-any.whl.metadata (2.6 kB)
Collecting rich>=13.7.1 (from rich-toolkit>=0.14.8->fastapi-cli>=0.0.5->fastapi-cli[standard]>=0.0.5; extra == "standard"->fastapi[standard]==0.115.*)
  Downloading http://pypi-mirror.modal.local:5555/simple/rich/rich-15.0.0-py3-none-any.whl.metadata (18 kB)
Collecting markdown-it-py>=2.2.0 (from rich>=13.7.1->rich-toolkit>=0.14.8->fastapi-cli>=0.0.5->fastapi-cli[standard]>=0.0.5; extra == "standard"->fastapi[standard]==0.115.*)
  Downloading http://pypi-mirror.modal.local:5555/simple/markdown-it-py/markdown_it_py-4.2.0-py3-none-any.whl.metadata (7.4 kB)
Collecting pygments<3.0.0,>=2.13.0 (from rich>=13.7.1->rich-toolkit>=0.14.8->fastapi-cli>=0.0.5->fastapi-cli[standard]>=0.0.5; extra == "standard"->fastapi[standard]==0.115.*)
  Downloading http://pypi-mirror.modal.local:5555/simple/pygments/pygments-2.21.0-py3-none-any.whl.metadata (2.5 kB)
Collecting mdurl~=0.1 (from markdown-it-py>=2.2.0->rich>=13.7.1->rich-toolkit>=0.14.8->fastapi-cli>=0.0.5->fastapi-cli[standard]>=0.0.5; extra == "standard"->fastapi[standard]==0.115.*)
  Downloading http://pypi-mirror.modal.local:5555/simple/mdurl/mdurl-0.1.2-py3-none-any.whl.metadata (1.6 kB)
Collecting urllib3>=1.26.11 (from sentry-sdk>=2.20.0->fastapi-cloud-cli>=0.1.1->fastapi-cli[standard]>=0.0.5; extra == "standard"->fastapi[standard]==0.115.*)
  Downloading http://pypi-mirror.modal.local:5555/simple/urllib3/urllib3-2.8.0-py3-none-any.whl.metadata (7.4 kB)
Collecting shellingham>=1.3.0 (from typer>=0.16.0->fastapi-cli>=0.0.5->fastapi-cli[standard]>=0.0.5; extra == "standard"->fastapi[standard]==0.115.*)
  Downloading http://pypi-mirror.modal.local:5555/simple/shellingham/shellingham-1.5.4-py2.py3-none-any.whl.metadata (3.5 kB)
Collecting annotated-doc>=0.0.2 (from typer>=0.16.0->fastapi-cli>=0.0.5->fastapi-cli[standard]>=0.0.5; extra == "standard"->fastapi[standard]==0.115.*)
  Downloading http://pypi-mirror.modal.local:5555/simple/annotated-doc/annotated_doc-0.0.5-py3-none-any.whl.metadata (6.5 kB)
Collecting httptools>=0.8.0 (from uvicorn[standard]>=0.12.0; extra == "standard"->fastapi[standard]==0.115.*)
  Downloading http://pypi-mirror.modal.local:5555/simple/httptools/httptools-0.8.0-cp311-cp311-manylinux1_x86_64.manylinux_2_28_x86_64.manylinux_2_5_x86_64.whl.metadata (3.5 kB)
Collecting python-dotenv>=0.13 (from uvicorn[standard]>=0.12.0; extra == "standard"->fastapi[standard]==0.115.*)
  Downloading http://pypi-mirror.modal.local:5555/simple/python-dotenv/python_dotenv-1.2.3-py3-none-any.whl.metadata (29 kB)
Collecting pyyaml>=5.1 (from uvicorn[standard]>=0.12.0; extra == "standard"->fastapi[standard]==0.115.*)
  Downloading http://pypi-mirror.modal.local:5555/simple/pyyaml/pyyaml-6.0.3-cp311-cp311-manylinux2014_x86_64.manylinux_2_17_x86_64.manylinux_2_28_x86_64.whl.metadata (2.4 kB)
Collecting uvloop>=0.15.1 (from uvicorn[standard]>=0.12.0; extra == "standard"->fastapi[standard]==0.115.*)
  Downloading http://pypi-mirror.modal.local:5555/simple/uvloop/uvloop-0.22.1-cp311-cp311-manylinux2014_x86_64.manylinux_2_17_x86_64.manylinux_2_28_x86_64.whl.metadata (4.9 kB)
Collecting watchfiles>=0.20 (from uvicorn[standard]>=0.12.0; extra == "standard"->fastapi[standard]==0.115.*)
  Downloading http://pypi-mirror.modal.local:5555/simple/watchfiles/watchfiles-1.3.0-cp310-abi3-manylinux_2_17_x86_64.manylinux2014_x86_64.whl.metadata (4.9 kB)
Collecting websockets>=13.0 (from uvicorn[standard]>=0.12.0; extra == "standard"->fastapi[standard]==0.115.*)
  Downloading http://pypi-mirror.modal.local:5555/simple/websockets/websockets-17.1-cp311-cp311-manylinux1_x86_64.manylinux_2_28_x86_64.manylinux_2_5_x86_64.whl.metadata (6.3 kB)
Downloading http://pypi-mirror.modal.local:5555/simple/fastapi/fastapi-0.115.14-py3-none-any.whl (95 kB)
Downloading http://pypi-mirror.modal.local:5555/simple/httpx/httpx-0.27.2-py3-none-any.whl (76 kB)
Downloading http://pypi-mirror.modal.local:5555/simple/httpcore/httpcore-1.0.9-py3-none-any.whl (78 kB)
Downloading http://pypi-mirror.modal.local:5555/simple/pydantic/pydantic-2.13.5-py3-none-any.whl (472 kB)
Downloading http://pypi-mirror.modal.local:5555/simple/pydantic-core/pydantic_core-2.46.5-cp311-cp311-manylinux_2_17_x86_64.manylinux2014_x86_64.whl (2.1 MB)
   ━━━━━━━━━━━━━━━━━━━━━━━━━━━━━━━━━━━━━━━━ 2.1/2.1 MB 631.7 MB/s  0:00:00
Downloading http://pypi-mirror.modal.local:5555/simple/starlette/starlette-0.46.2-py3-none-any.whl (72 kB)
Downloading http://pypi-mirror.modal.local:5555/simple/anyio/anyio-4.15.1-py3-none-any.whl (132 kB)
Downloading http://pypi-mirror.modal.local:5555/simple/annotated-types/annotated_types-0.8.0-py3-none-any.whl (13 kB)
Downloading http://pypi-mirror.modal.local:5555/simple/email-validator/email_validator-2.3.0-py3-none-any.whl (35 kB)
Downloading http://pypi-mirror.modal.local:5555/simple/dnspython/dnspython-2.8.0-py3-none-any.whl (331 kB)
Downloading http://pypi-mirror.modal.local:5555/simple/fastapi-cli/fastapi_cli-0.0.32-py3-none-any.whl (14 kB)
Downloading http://pypi-mirror.modal.local:5555/simple/fastapi-cloud-cli/fastapi_cloud_cli-0.26.0-py3-none-any.whl (108 kB)
Downloading http://pypi-mirror.modal.local:5555/simple/agent-detector/agent_detector-2.0.0-py3-none-any.whl (9.4 kB)
Downloading http://pypi-mirror.modal.local:5555/simple/detect-installer/detect_installer-0.2.1-py3-none-any.whl (5.4 kB)
Downloading http://pypi-mirror.modal.local:5555/simple/fastar/fastar-0.12.0-cp311-cp311-manylinux_2_17_x86_64.manylinux2014_x86_64.whl (812 kB)
   ━━━━━━━━━━━━━━━━━━━━━━━━━━━━━━━━━━━━━━━━ 812.8/812.8 kB 684.8 MB/s  0:00:00
Downloading http://pypi-mirror.modal.local:5555/simple/h11/h11-0.16.0-py3-none-any.whl (37 kB)
Downloading http://pypi-mirror.modal.local:5555/simple/idna/idna-3.20-py3-none-any.whl (69 kB)
Downloading http://pypi-mirror.modal.local:5555/simple/jinja2/jinja2-3.1.6-py3-none-any.whl (134 kB)
Downloading http://pypi-mirror.modal.local:5555/simple/markupsafe/markupsafe-3.0.3-cp311-cp311-manylinux2014_x86_64.manylinux_2_17_x86_64.manylinux_2_28_x86_64.whl (22 kB)
Downloading http://pypi-mirror.modal.local:5555/simple/python-multipart/python_multipart-0.0.32-py3-none-any.whl (30 kB)
Downloading http://pypi-mirror.modal.local:5555/simple/rich-toolkit/rich_toolkit-0.20.5-py3-none-any.whl (39 kB)
Downloading http://pypi-mirror.modal.local:5555/simple/click/click-8.5.0-py3-none-any.whl (125 kB)
Downloading http://pypi-mirror.modal.local:5555/simple/rich/rich-15.0.0-py3-none-any.whl (310 kB)
Downloading http://pypi-mirror.modal.local:5555/simple/pygments/pygments-2.21.0-py3-none-any.whl (1.3 MB)
   ━━━━━━━━━━━━━━━━━━━━━━━━━━━━━━━━━━━━━━━━ 1.3/1.3 MB 631.7 MB/s  0:00:00
Downloading http://pypi-mirror.modal.local:5555/simple/markdown-it-py/markdown_it_py-4.2.0-py3-none-any.whl (91 kB)
Downloading http://pypi-mirror.modal.local:5555/simple/mdurl/mdurl-0.1.2-py3-none-any.whl (10.0 kB)
Downloading http://pypi-mirror.modal.local:5555/simple/rignore/rignore-0.8.1-cp311-cp311-manylinux_2_17_x86_64.manylinux2014_x86_64.whl (932 kB)
   ━━━━━━━━━━━━━━━━━━━━━━━━━━━━━━━━━━━━━━━━ 932.6/932.6 kB 615.6 MB/s  0:00:00
Downloading http://pypi-mirror.modal.local:5555/simple/sentry-sdk/sentry_sdk-2.70.0-py3-none-any.whl (531 kB)
   ━━━━━━━━━━━━━━━━━━━━━━━━━━━━━━━━━━━━━━━━ 531.8/531.8 kB 602.1 MB/s  0:00:00
Downloading http://pypi-mirror.modal.local:5555/simple/typer/typer-0.27.2-py3-none-any.whl (123 kB)
Downloading http://pypi-mirror.modal.local:5555/simple/annotated-doc/annotated_doc-0.0.5-py3-none-any.whl (5.3 kB)
Downloading http://pypi-mirror.modal.local:5555/simple/shellingham/shellingham-1.5.4-py2.py3-none-any.whl (9.8 kB)
Downloading http://pypi-mirror.modal.local:5555/simple/typing-extensions/typing_extensions-4.16.0-py3-none-any.whl (45 kB)
Downloading http://pypi-mirror.modal.local:5555/simple/typing-inspection/typing_inspection-0.4.4-py3-none-any.whl (14 kB)
Downloading http://pypi-mirror.modal.local:5555/simple/urllib3/urllib3-2.8.0-py3-none-any.whl (135 kB)
Downloading http://pypi-mirror.modal.local:5555/simple/uvicorn/uvicorn-0.54.0-py3-none-any.whl (87 kB)
Downloading http://pypi-mirror.modal.local:5555/simple/httptools/httptools-0.8.0-cp311-cp311-manylinux1_x86_64.manylinux_2_28_x86_64.manylinux_2_5_x86_64.whl (464 kB)
Downloading http://pypi-mirror.modal.local:5555/simple/python-dotenv/python_dotenv-1.2.3-py3-none-any.whl (22 kB)
Downloading http://pypi-mirror.modal.local:5555/simple/pyyaml/pyyaml-6.0.3-cp311-cp311-manylinux2014_x86_64.manylinux_2_17_x86_64.manylinux_2_28_x86_64.whl (806 kB)
   ━━━━━━━━━━━━━━━━━━━━━━━━━━━━━━━━━━━━━━━━ 806.6/806.6 kB 685.5 MB/s  0:00:00
Downloading http://pypi-mirror.modal.local:5555/simple/uvloop/uvloop-0.22.1-cp311-cp311-manylinux2014_x86_64.manylinux_2_17_x86_64.manylinux_2_28_x86_64.whl (3.8 MB)
   ━━━━━━━━━━━━━━━━━━━━━━━━━━━━━━━━━━━━━━━━ 3.8/3.8 MB 492.3 MB/s  0:00:00
Downloading http://pypi-mirror.modal.local:5555/simple/watchfiles/watchfiles-1.3.0-cp310-abi3-manylinux_2_17_x86_64.manylinux2014_x86_64.whl (458 kB)
Downloading http://pypi-mirror.modal.local:5555/simple/websockets/websockets-17.1-cp311-cp311-manylinux1_x86_64.manylinux_2_28_x86_64.manylinux_2_5_x86_64.whl (224 kB)
Downloading http://pypi-mirror.modal.local:5555/simple/certifi/certifi-2026.7.22-py3-none-any.whl (136 kB)
Downloading http://pypi-mirror.modal.local:5555/simple/sniffio/sniffio-1.3.1-py3-none-any.whl (10 kB)
Installing collected packages: websockets, uvloop, urllib3, typing-extensions, sniffio, shellingham, rignore, pyyaml, python-multipart, python-dotenv, pygments, mdurl, MarkupSafe, idna, httptools, h11, fastar, dnspython, detect-installer, click, certifi, annotated-types, annotated-doc, agent-detector, uvicorn, typing-inspection, sentry-sdk, pydantic-core, markdown-it-py, jinja2, httpcore, email-validator, anyio, watchfiles, starlette, rich, pydantic, httpx, typer, rich-toolkit, fastapi, fastapi-cloud-cli, fastapi-cli

Successfully installed MarkupSafe-3.0.3 agent-detector-2.0.0 annotated-doc-0.0.5 annotated-types-0.8.0 anyio-4.15.1 certifi-2026.7.22 click-8.5.0 detect-installer-0.2.1 dnspython-2.8.0 email-validator-2.3.0 fastapi-0.115.14 fastapi-cli-0.0.32 fastapi-cloud-cli-0.26.0 fastar-0.12.0 h11-0.16.0 httpcore-1.0.9 httptools-0.8.0 httpx-0.27.2 idna-3.20 jinja2-3.1.6 markdown-it-py-4.2.0 mdurl-0.1.2 pydantic-2.13.5 pydantic-core-2.46.5 pygments-2.21.0 python-dotenv-1.2.3 python-multipart-0.0.32 pyyaml-6.0.3 rich-15.0.0 rich-toolkit-0.20.5 rignore-0.8.1 sentry-sdk-2.70.0 shellingham-1.5.4 sniffio-1.3.1 starlette-0.46.2 typer-0.27.2 typing-extensions-4.16.0 typing-inspection-0.4.4 urllib3-2.8.0 uvicorn-0.54.0 uvloop-0.22.1 watchfiles-1.3.0 websockets-17.1

[notice] A new release of pip is available: 25.2 -> 26.2.1
[notice] To update, run: pip install --upgrade pip
Saving image...
Image saved, took 579.18ms

Built image im-XG5fQhsSx9qgk91uD6q62Y in 7.79s


Building image im-0SEoy4PriTJnvxS9v283qF

=> Step 0: FROM base

=> Step 1: ENV OLLAMA_HOST=127.0.0.1:11434

=> Step 2: ENV OLLAMA_KEEP_ALIVE=10m
Saving image...
Image saved, took 1.00s

Built image im-0SEoy4PriTJnvxS9v283qF in 1.70s


✓ Created objects.
├── 🔨 Created mount 
│   C:\Users\tatte\Projects\ai-coding-hub-phase1\server\modalOllama.py
└── 🔨 Created web function api => 
    https://mr-tattershall--legasus-ollama-1p5b-api.modal.run
✓ App deployed in 69.538s! 🎉

View Deployment: 
https://modal.com/apps/mr-tattershall/main/deployed/legasus-ollama-1p5b
deploy exit 0
